order_detail_id,order_id,product_id,quantity,discount,category,sub_category,product_name,unit_price,sales,profit
1,O0912,P109,7,0.15,Office Supplies,Chairs,Product_109,318.9,1897.4549999999997,237.15269678994616
2,O0350,P188,4,0.07,Technology,Chairs,Product_188,263.12,978.8063999999999,53.6307327459821
3,O0296,P199,7,0.31,Office Supplies,Binders,Product_199,261.14,1261.3062,199.28302814023525
4,O0258,P154,7,0.15,Office Supplies,Binders,Product_154,403.43,2400.4085,139.83095788415017
5,O0081,P040,1,0.16,Furniture,Chairs,Product_40,319.12,268.0608,77.33130225790778
6,O0937,P133,6,0.04,Furniture,Storage,Product_133,133.84,770.9183999999999,79.00334098980366
7,O0268,P132,9,0.17,Technology,Chairs,Product_132,334.17,2496.2499000000003,617.152246159922
8,O0419,P279,2,0.43,Furniture,Chairs,Product_279,230.84,263.15760000000006,64.11651260879158
9,O0235,P084,3,0.12,Office Supplies,Chairs,Product_84,272.69,719.9015999999999,75.18092581199582
10,O0833,P242,5,0.35,Furniture,Binders,Product_242,172.74,561.4050000000001,115.2601700860546
11,O0311,P116,9,0.31,Furniture,Storage,Product_116,428.59,2661.5438999999997,165.06826632335094
12,O0813,P109,4,0.43,Office Supplies,Chairs,Product_109,318.9,727.092,124.25540316714911
13,O0975,P221,1,0.07,Furniture,Storage,Product_221,318.88,296.55839999999995,15.913852157131256
14,O0986,P041,4,0.49,Furniture,Binders,Product_41,399.97,815.9388,228.69619805552495
15,O0357,P147,6,0.29,Technology,Phones,Product_147,371.25,1581.5249999999999,465.00236235555684
16,O0213,P112,5,0.5,Office Supplies,Phones,Product_112,165.93,414.82500000000005,43.793362167712786
17,O0574,P103,1,0.46,Technology,Tables,Product_103,327.32,176.7528,18.03347107795144
18,O0049,P046,4,0.11,Office Supplies,Chairs,Product_46,349.47,1244.1132,296.6339651918191
19,O0127,P271,6,0.03,Furniture,Chairs,Product_271,320.02,1862.5163999999997,211.10664143544403
20,O0223,P195,4,0.13,Furniture,Phones,Product_195,336.25,1170.15,320.35095892580824
21,O0921,P280,9,0.26,Furniture,Binders,Product_280,187.68,1249.9488000000001,241.84294874548962
22,O0279,P283,5,0.09,Technology,Storage,Product_283,376.83,1714.5765,236.08759228483507
23,O0408,P040,8,0.08,Furniture,Chairs,Product_40,319.12,2348.7232000000004,606.3779401364496
24,O0505,P189,9,0.23,Office Supplies,Phones,Product_189,36.5,252.945,43.84843945901656
25,O0294,P164,5,0.02,Furniture,Phones,Product_164,272.65,1335.985,371.2812245552044
26,O0796,P024,6,0.06,Technology,Phones,Product_24,37.28,210.2592,59.29384275083257
27,O0277,P024,1,0.21,Technology,Phones,Product_24,37.28,29.451200000000004,2.6905154960910527
28,O0438,P004,7,0.03,Furniture,Tables,Product_4,258.69,1756.5050999999999,88.8455236800267
29,O0107,P290,4,0.2,Technology,Tables,Product_290,184.15,589.2800000000001,174.41670610177874
30,O0658,P181,2,0.24,Technology,Tables,Product_181,44.09,67.0168,18.532449507787017
31,O0420,P248,5,0.23,Furniture,Phones,Product_248,201.52,775.8520000000001,49.5469242528242
32,O0611,P116,3,0.43,Furniture,Storage,Product_116,428.59,732.8889,189.2748363405201
33,O0429,P279,6,0.27,Furniture,Chairs,Product_279,230.84,1011.0791999999999,166.27322124200413
34,O0375,P069,8,0.23,Technology,Binders,Product_69,319.16,1966.0256000000002,225.5825662240475
35,O0073,P254,7,0.21,Office Supplies,Chairs,Product_254,437.74,2420.7022,652.831020776774
36,O0949,P181,3,0.41,Technology,Tables,Product_181,44.09,78.03930000000001,7.738908287169227
37,O0998,P169,8,0.45,Office Supplies,Chairs,Product_169,154.13,678.172,194.51668380167644
38,O0634,P249,2,0.43,Office Supplies,Storage,Product_249,48.11,54.845400000000005,5.561618185366361
39,O0030,P188,9,0.34,Technology,Chairs,Product_188,263.12,1562.9327999999998,317.9330357274527
40,O0188,P054,4,0.07,Furniture,Chairs,Product_54,105.0,390.59999999999997,41.314380566754394
41,O0364,P138,1,0.14,Furniture,Storage,Product_138,226.29,194.6094,36.27853287208676
42,O0866,P168,8,0.02,Office Supplies,Chairs,Product_168,237.04,1858.3935999999999,410.69343099836675
43,O0800,P103,7,0.47,Technology,Tables,Product_103,327.32,1214.3572,118.46902435813398
44,O0451,P085,5,0.33,Office Supplies,Storage,Product_85,356.57,1194.5095,215.27622896272422
45,O0195,P212,5,0.37,Furniture,Chairs,Product_212,258.62,814.6529999999999,136.2628819866609
46,O0156,P003,7,0.16,Office Supplies,Tables,Product_3,35.83,210.6804,14.275568089056124
47,O0172,P179,5,0.42,Technology,Storage,Product_179,446.69,1295.401,329.7792413311013
48,O0847,P038,8,0.13,Office Supplies,Storage,Product_38,397.46,2766.3215999999998,370.46744890953676
49,O0041,P239,6,0.0,Office Supplies,Tables,Product_239,113.44,680.64,131.80290673542783
50,O0063,P169,5,0.19,Office Supplies,Chairs,Product_169,154.13,624.2265,111.54681530687205
51,O0023,P030,9,0.29,Furniture,Phones,Product_30,330.11,2109.4029,376.13844419908855
52,O0360,P190,2,0.24,Office Supplies,Binders,Product_190,416.53,633.1256,48.62759066667128
53,O0075,P025,1,0.43,Furniture,Tables,Product_25,234.65,133.75050000000002,20.847757619525723
54,O0560,P112,8,0.05,Office Supplies,Phones,Product_112,165.93,1261.068,205.66971107477778
55,O0672,P206,3,0.28,Office Supplies,Storage,Product_206,224.47,484.85519999999997,113.17039652336818
56,O0825,P185,7,0.26,Furniture,Phones,Product_185,293.49,1520.2782000000002,395.27948943962554
57,O0118,P047,8,0.14,Technology,Tables,Product_47,397.66,2735.9008000000003,509.5494026599155
58,O0612,P228,6,0.41,Technology,Tables,Product_228,142.02,502.75080000000014,36.04508989563431
59,O0380,P039,9,0.38,Furniture,Phones,Product_39,290.91,1623.2778,177.28201189028158
60,O0929,P016,7,0.37,Technology,Storage,Product_16,439.53,1938.3273000000002,176.84039673689546
61,O0920,P022,5,0.44,Furniture,Storage,Product_22,387.15,1084.0200000000002,87.97230519956877
62,O0679,P213,8,0.36,Furniture,Storage,Product_213,56.59,289.74080000000004,40.991028875240616
63,O0290,P149,2,0.12,Furniture,Storage,Product_149,143.62,252.77120000000002,27.134577702941435
64,O0440,P241,7,0.35,Office Supplies,Chairs,Product_241,58.47,266.0385,27.821183102916756
65,O0668,P272,4,0.15,Furniture,Chairs,Product_272,30.31,103.05399999999999,6.561787603195671
66,O0933,P059,9,0.12,Furniture,Tables,Product_59,222.96,1765.8432,96.09279211142808
67,O0007,P287,1,0.04,Technology,Chairs,Product_287,471.15,452.304,34.23582180586673
68,O0196,P202,7,0.37,Office Supplies,Chairs,Product_202,220.13,970.7733,90.32984383794059
69,O0421,P032,6,0.36,Furniture,Tables,Product_32,193.31,742.3104000000001,117.09644603870032
70,O0568,P162,8,0.12,Technology,Storage,Product_162,60.73,427.5392,75.94381602487475
71,O0833,P255,5,0.37,Furniture,Binders,Product_255,249.31,785.3265,66.8689647568439
72,O0193,P254,1,0.46,Office Supplies,Chairs,Product_254,437.74,236.3796,36.92150908903764
73,O0559,P009,1,0.05,Office Supplies,Chairs,Product_9,104.68,99.446,13.468688843486042
74,O0148,P139,9,0.12,Technology,Storage,Product_139,232.88,1844.4096000000002,176.79756223365195
75,O0787,P010,6,0.38,Technology,Chairs,Product_10,133.02,494.8344000000001,25.587979376386652
76,O0669,P214,5,0.14,Office Supplies,Chairs,Product_214,195.33,839.9190000000001,140.0602448577687
77,O0202,P273,1,0.31,Technology,Tables,Product_273,132.52,91.4388,20.24573329267768
78,O0444,P048,6,0.04,Furniture,Binders,Product_48,161.8,931.9680000000001,99.31920863683389
79,O0914,P111,6,0.23,Furniture,Phones,Product_111,339.71,1569.4601999999998,130.18940340275208
80,O0988,P153,3,0.37,Furniture,Phones,Product_153,378.21,714.8168999999999,194.25913118826736
81,O0419,P123,8,0.34,Furniture,Binders,Product_123,156.13,824.3663999999999,97.89861540164621
82,O0427,P102,1,0.41,Office Supplies,Tables,Product_102,375.67,221.64530000000005,23.472936549432788
83,O0479,P241,1,0.44,Office Supplies,Chairs,Product_241,58.47,32.7432,8.65318412825885
84,O0475,P191,6,0.39,Technology,Phones,Product_191,301.49,1103.4534,280.58257168492497
85,O0126,P217,1,0.34,Furniture,Storage,Product_217,475.51,313.8366,50.8687129828628
86,O0395,P051,6,0.02,Office Supplies,Storage,Product_51,142.07,835.3716,143.94264261327456
87,O0817,P292,1,0.27,Office Supplies,Tables,Product_292,10.01,7.3073,0.7631537777084122
88,O0881,P081,6,0.02,Technology,Storage,Product_81,97.77,574.8876,39.998044854495916
89,O0806,P088,3,0.4,Office Supplies,Tables,Product_88,411.71,741.0779999999999,143.29332756773064
90,O0576,P194,8,0.16,Office Supplies,Tables,Product_194,455.27,3059.4143999999997,228.19018731999222
91,O0325,P104,6,0.28,Office Supplies,Storage,Product_104,312.36,1349.3952,219.03198928636948
92,O0392,P271,1,0.14,Furniture,Chairs,Product_271,320.02,275.2172,78.47111139564875
93,O0930,P096,5,0.39,Furniture,Chairs,Product_96,413.86,1262.2730000000001,363.7979307303803
94,O0688,P198,8,0.44,Office Supplies,Binders,Product_198,288.03,1290.3744,141.72578391354398
95,O0628,P001,3,0.2,Office Supplies,Chairs,Product_1,327.23,785.3520000000001,161.8047806649237
96,O0440,P167,6,0.43,Furniture,Binders,Product_167,11.14,38.098800000000004,6.420374192748113
97,O0204,P126,5,0.13,Furniture,Tables,Product_126,155.45,676.2075,181.84658772804542
98,O0486,P081,6,0.27,Technology,Storage,Product_81,97.77,428.2326,50.47051618229535
99,O0833,P251,1,0.43,Furniture,Tables,Product_251,61.35,34.969500000000004,1.7808428289315505
100,O0031,P169,7,0.16,Office Supplies,Chairs,Product_169,154.13,906.2843999999999,82.14589124520724
101,O0388,P073,9,0.48,Office Supplies,Phones,Product_73,85.31,399.25079999999997,54.84935449628077
102,O0625,P141,2,0.06,Furniture,Tables,Product_141,275.59,518.1091999999999,66.799965492121
103,O0877,P070,5,0.01,Office Supplies,Binders,Product_70,87.15,431.3925,106.91663202192989
104,O0434,P262,4,0.45,Technology,Binders,Product_262,208.46,458.6120000000001,100.9589220548162
105,O0837,P245,6,0.03,Furniture,Chairs,Product_245,258.77,1506.0413999999998,188.08812474291682
106,O0926,P003,6,0.5,Office Supplies,Tables,Product_3,35.83,107.49,17.67522072679907
107,O0376,P063,2,0.48,Furniture,Phones,Product_63,402.78,418.89119999999997,30.951776932007945
108,O0344,P049,2,0.07,Furniture,Binders,Product_49,429.3,798.4979999999999,219.2169349739902
109,O0443,P076,4,0.27,Technology,Chairs,Product_76,266.06,776.8951999999999,220.52652401872717
110,O0579,P175,1,0.09,Furniture,Chairs,Product_175,451.93,411.2563,121.30040917192093
111,O0075,P109,9,0.21,Office Supplies,Chairs,Product_109,318.9,2267.379,605.7035622285904
112,O0557,P183,7,0.03,Technology,Phones,Product_183,398.32,2704.5928,252.85298108620503
113,O0772,P192,7,0.11,Furniture,Binders,Product_192,61.89,385.5747,23.731783787880772
114,O0666,P065,3,0.18,Furniture,Phones,Product_65,483.73,1189.9758000000002,231.9253098450697
115,O0155,P271,3,0.22,Furniture,Chairs,Product_271,320.02,748.8468,208.2926785113328
116,O0430,P100,1,0.49,Office Supplies,Storage,Product_100,177.23,90.3873,8.52694268293692
117,O0363,P032,3,0.4,Furniture,Tables,Product_32,193.31,347.958,18.010559621696792
118,O0448,P128,3,0.37,Office Supplies,Storage,Product_128,469.46,887.2793999999999,223.0389821064655
119,O0987,P043,4,0.27,Furniture,Tables,Product_43,457.97,1337.2724,92.53780725894077
120,O0234,P078,4,0.42,Office Supplies,Tables,Product_78,445.68,1033.9776000000002,158.6395724949642
121,O0563,P289,3,0.17,Technology,Tables,Product_289,340.94,848.9405999999999,186.53078584136236
122,O0818,P270,8,0.35,Furniture,Binders,Product_270,5.77,30.003999999999998,3.276418688506807
123,O0262,P162,8,0.5,Technology,Storage,Product_162,60.73,242.92,17.24504647811971
124,O0827,P189,1,0.16,Office Supplies,Phones,Product_189,36.5,30.66,7.435212716113927
125,O0125,P247,7,0.34,Furniture,Tables,Product_247,466.22,2153.9363999999996,447.03608342782206
126,O0911,P216,2,0.42,Furniture,Storage,Product_216,327.85,380.3060000000001,112.99751554830972
127,O0245,P168,1,0.46,Office Supplies,Chairs,Product_168,237.04,128.0016,17.418074789452024
128,O0542,P193,3,0.36,Furniture,Phones,Product_193,51.46,98.8032,6.465740351276965
129,O0938,P283,4,0.14,Technology,Storage,Product_283,376.83,1296.2952,302.7983664812436
130,O0485,P013,6,0.16,Furniture,Tables,Product_13,379.59,1913.1336,345.1931134627544
131,O0122,P240,5,0.01,Furniture,Phones,Product_240,23.18,114.741,11.852858072880187
132,O0125,P147,4,0.38,Technology,Phones,Product_147,371.25,920.7,225.9694700441705
133,O0549,P204,8,0.02,Technology,Tables,Product_204,302.95,2375.1279999999997,239.74273989895127
134,O0170,P080,4,0.43,Office Supplies,Chairs,Product_80,367.09,836.9652,96.38944351739494
135,O0124,P043,2,0.06,Furniture,Tables,Product_43,457.97,860.9836,62.9655719603634
136,O0869,P089,3,0.09,Office Supplies,Phones,Product_89,232.34,634.2882,95.05320532209458
137,O0035,P148,6,0.24,Technology,Binders,Product_148,459.45,2095.092,324.1784164093737
138,O0087,P095,8,0.37,Office Supplies,Tables,Product_95,357.45,1801.548,321.8293410695991
139,O0646,P151,8,0.07,Office Supplies,Binders,Product_151,149.65,1113.396,253.0092947896363
140,O0708,P002,9,0.22,Technology,Chairs,Product_2,274.99,1930.4298,533.8125486330921
141,O0786,P022,7,0.24,Furniture,Storage,Product_22,387.15,2059.638,173.9024959912721
142,O0201,P007,2,0.11,Office Supplies,Storage,Product_7,30.72,54.681599999999996,3.4770402436654813
143,O0369,P206,8,0.06,Office Supplies,Storage,Product_206,224.47,1688.0143999999998,92.22096728924959
144,O0797,P114,7,0.42,Technology,Binders,Product_114,39.47,160.2482,13.76617682926182
145,O0077,P272,8,0.25,Furniture,Chairs,Product_272,30.31,181.85999999999999,39.006673371061616
146,O0059,P083,3,0.01,Office Supplies,Phones,Product_83,410.44,1219.0067999999999,282.65021623046493
147,O0431,P179,7,0.4,Technology,Storage,Product_179,446.69,1876.098,462.6953490346707
148,O0638,P210,9,0.49,Furniture,Phones,Product_210,352.8,1619.352,179.62994509093028
149,O0500,P124,3,0.3,Office Supplies,Binders,Product_124,110.26,231.546,29.284480107862976
150,O0913,P113,6,0.25,Furniture,Phones,Product_113,344.73,1551.285,264.93413216151896
151,O0109,P012,2,0.44,Office Supplies,Tables,Product_12,168.46,188.67520000000002,12.414030859180654
152,O0736,P126,2,0.48,Furniture,Tables,Product_126,155.45,161.668,32.78390694362894
153,O0278,P053,5,0.38,Office Supplies,Phones,Product_53,74.65,231.415,68.48351070451886
154,O0068,P283,5,0.22,Technology,Storage,Product_283,376.83,1469.637,206.0454262586584
155,O0069,P140,7,0.3,Office Supplies,Tables,Product_140,432.96,2121.504,505.36743244906785
156,O0165,P097,2,0.35,Technology,Binders,Product_97,54.82,71.266,12.472154256745922
157,O0489,P005,7,0.1,Office Supplies,Phones,Product_5,404.17,2546.271,208.67444818783903
158,O0305,P057,5,0.22,Furniture,Binders,Product_57,328.87,1282.593,250.8230690430139
159,O0909,P069,6,0.41,Technology,Binders,Product_69,319.16,1129.8264000000001,141.1927862921979
160,O0674,P118,8,0.33,Office Supplies,Storage,Product_118,419.34,2247.6623999999997,131.71481952005004
161,O0365,P059,4,0.21,Furniture,Tables,Product_59,222.96,704.5536000000001,147.06318677537124
162,O0854,P033,7,0.33,Technology,Chairs,Product_33,388.93,1824.0817,482.8947799853107
163,O0821,P050,6,0.06,Office Supplies,Binders,Product_50,453.54,2557.9656,348.37558091247416
164,O0379,P019,2,0.2,Office Supplies,Tables,Product_19,123.2,197.12,29.08976456664533
165,O0343,P214,8,0.4,Office Supplies,Chairs,Product_214,195.33,937.5840000000001,255.73111840078252
166,O0947,P197,9,0.11,Technology,Phones,Product_197,440.09,3525.1209,893.2734031063665
167,O0899,P047,5,0.09,Technology,Tables,Product_47,397.66,1809.3530000000003,413.86815903796975
168,O0554,P167,4,0.48,Furniture,Binders,Product_167,11.14,23.171200000000002,2.5997916309092357
169,O0354,P289,6,0.1,Technology,Tables,Product_289,340.94,1841.076,510.99830956484254
170,O0416,P141,8,0.13,Furniture,Tables,Product_141,275.59,1918.1064,169.95178319920316
171,O0109,P084,3,0.48,Office Supplies,Chairs,Product_84,272.69,425.39639999999997,87.92630064655407
172,O0563,P182,1,0.37,Furniture,Tables,Product_182,123.56,77.8428,4.452631134261637
173,O0762,P079,4,0.35,Furniture,Tables,Product_79,44.31,115.206,24.300396001867927
174,O0497,P215,4,0.43,Office Supplies,Storage,Product_215,246.4,561.792,67.01396993190964
175,O0341,P014,1,0.06,Technology,Tables,Product_14,262.1,246.374,40.01587889416546
176,O0942,P215,9,0.35,Office Supplies,Storage,Product_215,246.4,1441.44,196.4915339792797
177,O0383,P128,3,0.25,Office Supplies,Storage,Product_128,469.46,1056.2849999999999,98.43434256788194
178,O0533,P248,5,0.41,Furniture,Phones,Product_248,201.52,594.484,122.16360700454166
179,O0300,P029,6,0.25,Office Supplies,Chairs,Product_29,57.21,257.445,69.63729919829342
180,O0139,P280,8,0.31,Furniture,Binders,Product_280,187.68,1035.9936,300.20096421635486
181,O0359,P202,6,0.24,Office Supplies,Chairs,Product_202,220.13,1003.7927999999999,98.4586136100213
182,O0836,P057,3,0.24,Furniture,Binders,Product_57,328.87,749.8236,171.96693899747135
183,O0499,P218,6,0.38,Furniture,Chairs,Product_218,302.32,1124.6304,243.01558190037377
184,O0385,P062,1,0.31,Technology,Storage,Product_62,441.8,304.842,41.41109303237296
185,O0604,P157,4,0.32,Office Supplies,Chairs,Product_157,364.7,991.9839999999999,54.33572504292659
186,O0959,P202,6,0.23,Office Supplies,Chairs,Product_202,220.13,1017.0006,226.22955809798333
187,O0280,P017,7,0.27,Office Supplies,Storage,Product_17,440.39,2250.3929,644.4533752973972
188,O0637,P006,3,0.37,Technology,Chairs,Product_6,232.32,439.08480000000003,91.34282432682735
189,O0483,P058,9,0.41,Office Supplies,Tables,Product_58,80.29,426.33990000000006,67.71265912522088
190,O0909,P169,7,0.35,Office Supplies,Chairs,Product_169,154.13,701.2914999999999,127.13606553309626
191,O0111,P082,1,0.46,Furniture,Binders,Product_82,429.8,232.092,23.187662306851397
192,O0866,P219,2,0.41,Office Supplies,Storage,Product_219,373.08,440.23440000000005,104.6155599009071
193,O0139,P177,1,0.28,Furniture,Binders,Product_177,335.56,241.6032,57.16451486845888
194,O0996,P204,9,0.34,Technology,Tables,Product_204,302.95,1799.5229999999997,155.44158223627
195,O0435,P071,9,0.46,Office Supplies,Chairs,Product_71,441.55,2145.9330000000004,578.3173460731604
196,O0509,P266,7,0.31,Technology,Chairs,Product_266,158.14,763.8162,89.59368097087251
197,O0273,P098,3,0.41,Furniture,Chairs,Product_98,123.74,219.0198,64.7343715037813
198,O0099,P291,5,0.34,Technology,Chairs,Product_291,298.86,986.238,143.7202756895163
199,O0764,P208,4,0.28,Office Supplies,Storage,Product_208,317.5,914.4,86.38429582670662
200,O0850,P002,7,0.12,Technology,Chairs,Product_2,274.99,1693.9384,233.644970665169
201,O0104,P124,9,0.21,Office Supplies,Binders,Product_124,110.26,783.9486,125.46711810742612
202,O0214,P280,2,0.48,Furniture,Binders,Product_280,187.68,195.18720000000002,13.141357539395067
203,O0761,P074,8,0.33,Technology,Binders,Product_74,11.24,60.246399999999994,11.721213970632695
204,O0664,P166,9,0.28,Furniture,Storage,Product_166,124.74,808.3151999999999,161.1846062897795
205,O0762,P022,9,0.47,Furniture,Storage,Product_22,387.15,1846.7055,433.48200900284365
206,O0787,P154,7,0.29,Office Supplies,Binders,Product_154,403.43,2005.0471,114.8741069862168
207,O0165,P295,9,0.26,Office Supplies,Tables,Product_295,308.22,2052.7452000000003,380.39329668390394
208,O0999,P219,9,0.38,Office Supplies,Storage,Product_219,373.08,2081.7864,131.62481376044417
209,O0853,P157,3,0.36,Office Supplies,Chairs,Product_157,364.7,700.2239999999999,157.75070257048247
210,O0520,P230,4,0.1,Office Supplies,Chairs,Product_230,169.02,608.4720000000001,38.90082972886236
211,O0284,P020,2,0.24,Furniture,Binders,Product_20,228.36,347.10720000000003,96.47218514997219
212,O0517,P041,3,0.24,Furniture,Binders,Product_41,399.97,911.9316000000001,205.65939963777151
213,O0657,P148,5,0.19,Technology,Binders,Product_148,459.45,1860.7725,329.0728554129801
214,O0613,P108,5,0.26,Furniture,Binders,Product_108,489.66,1811.7420000000002,290.55990024332067
215,O0164,P084,6,0.21,Office Supplies,Chairs,Product_84,272.69,1292.5506,106.85277671106014
216,O0886,P290,7,0.1,Technology,Tables,Product_290,184.15,1160.145,142.407621701624
217,O0659,P134,7,0.21,Furniture,Binders,Product_134,454.06,2510.9518000000003,671.0261972196522
218,O0064,P207,1,0.04,Technology,Tables,Product_207,305.51,293.2896,80.9811308305098
219,O0091,P283,2,0.29,Technology,Storage,Product_283,376.83,535.0985999999999,26.85495442556986
220,O0117,P266,9,0.43,Technology,Chairs,Product_266,158.14,811.2582,161.06241487614338
221,O0866,P073,2,0.36,Office Supplies,Phones,Product_73,85.31,109.19680000000001,25.096171185898385
222,O0267,P048,6,0.18,Furniture,Binders,Product_48,161.8,796.0560000000002,162.9421119668181
223,O0822,P233,1,0.04,Office Supplies,Chairs,Product_233,307.34,295.04639999999995,20.777150144166054
224,O0685,P100,3,0.1,Office Supplies,Storage,Product_100,177.23,478.52099999999996,49.97253407453737
225,O0559,P059,2,0.27,Furniture,Tables,Product_59,222.96,325.5216,36.64887109560415
226,O0140,P258,3,0.1,Office Supplies,Tables,Product_258,70.09,189.24300000000002,48.81166610051727
227,O0246,P065,5,0.27,Furniture,Phones,Product_65,483.73,1765.6145000000001,292.7386352847141
228,O0661,P083,6,0.12,Office Supplies,Phones,Product_83,410.44,2167.1232,372.1103381280928
229,O0758,P154,9,0.42,Office Supplies,Binders,Product_154,403.43,2105.9046000000003,597.4941218117885
230,O0395,P266,4,0.2,Technology,Chairs,Product_266,158.14,506.048,105.90140997078777
231,O0487,P079,7,0.12,Furniture,Tables,Product_79,44.31,272.94960000000003,74.97022741792975
232,O0476,P150,6,0.41,Technology,Tables,Product_150,429.88,1521.7752,249.76472365978313
233,O0517,P048,2,0.17,Furniture,Binders,Product_48,161.8,268.588,23.463596450727906
234,O0977,P248,8,0.06,Furniture,Phones,Product_248,201.52,1515.4304,428.08468732548226
235,O0184,P278,7,0.29,Technology,Chairs,Product_278,195.0,969.15,159.59601571229868
236,O0020,P098,7,0.29,Furniture,Chairs,Product_98,123.74,614.9877999999999,58.67466713803212
237,O0937,P025,8,0.36,Furniture,Tables,Product_25,234.65,1201.4080000000001,150.89556539176368
238,O0558,P284,1,0.12,Office Supplies,Tables,Product_284,40.15,35.332,2.215339274722427
239,O0524,P068,1,0.22,Office Supplies,Phones,Product_68,335.62,261.78360000000004,43.73753367839544
240,O0582,P007,8,0.14,Office Supplies,Storage,Product_7,30.72,211.3536,55.64560759866184
241,O0529,P137,4,0.04,Office Supplies,Tables,Product_137,59.94,230.16959999999997,65.22894003171932
242,O0883,P164,5,0.44,Furniture,Phones,Product_164,272.65,763.4200000000001,216.16279431310795
243,O0147,P083,8,0.36,Office Supplies,Phones,Product_83,410.44,2101.4528,170.8638870004004
244,O0666,P138,5,0.15,Furniture,Storage,Product_138,226.29,961.7325,139.9450338905163
245,O0304,P073,4,0.3,Office Supplies,Phones,Product_73,85.31,238.868,13.629136840061232
246,O0620,P237,6,0.1,Furniture,Storage,Product_237,7.73,41.742000000000004,11.011177957449807
247,O0748,P046,5,0.45,Office Supplies,Chairs,Product_46,349.47,961.0425000000001,134.24700860558252
248,O0820,P106,7,0.06,Office Supplies,Chairs,Product_106,421.52,2773.6015999999995,576.2968795872868
249,O0864,P288,7,0.0,Technology,Chairs,Product_288,335.94,2351.58,537.8642172534476
250,O0582,P262,4,0.25,Technology,Binders,Product_262,208.46,625.38,98.47306489099364
251,O0695,P176,5,0.29,Technology,Tables,Product_176,426.87,1515.3884999999998,191.86422318034198
252,O0762,P166,3,0.29,Furniture,Storage,Product_166,124.74,265.6962,77.198888452187
253,O0228,P145,4,0.03,Technology,Phones,Product_145,214.16,830.9408,241.90519432297535
254,O0102,P283,4,0.16,Technology,Storage,Product_283,376.83,1266.1488,154.92481751439266
255,O0587,P054,3,0.25,Furniture,Chairs,Product_54,105.0,236.25,40.14035727646956
256,O0417,P178,5,0.11,Office Supplies,Chairs,Product_178,298.64,1328.9479999999999,389.6622247407298
257,O0958,P244,5,0.44,Furniture,Tables,Product_244,288.16,806.8480000000002,41.32441624500688
258,O0216,P127,7,0.04,Furniture,Storage,Product_127,328.32,2206.3104,337.93959781317506
259,O0407,P271,4,0.24,Furniture,Chairs,Product_271,320.02,972.8607999999999,73.07584303716666
260,O0399,P132,4,0.35,Technology,Chairs,Product_132,334.17,868.8420000000001,154.03655627883572
261,O0923,P093,9,0.13,Technology,Phones,Product_93,170.93,1338.3819,75.1735501577027
262,O0715,P073,6,0.31,Office Supplies,Phones,Product_73,85.31,353.1834,53.586612863302165
263,O0704,P248,4,0.41,Furniture,Phones,Product_248,201.52,475.5872000000001,50.01977375493705
264,O0761,P273,2,0.1,Technology,Tables,Product_273,132.52,238.53600000000003,43.73011088686456
265,O0499,P043,6,0.46,Furniture,Tables,Product_43,457.97,1483.8228000000001,443.66066129770445
266,O0754,P041,2,0.28,Furniture,Binders,Product_41,399.97,575.9568,144.0663933483163
267,O0465,P170,5,0.15,Technology,Storage,Product_170,301.19,1280.0575000000001,334.620500424882
268,O0691,P212,6,0.22,Furniture,Chairs,Product_212,258.62,1210.3416,252.73899030604244
269,O0949,P168,4,0.16,Office Supplies,Chairs,Product_168,237.04,796.4544,48.09785100494318
270,O0974,P039,3,0.36,Furniture,Phones,Product_39,290.91,558.5472,56.80392573024094
271,O0731,P245,7,0.4,Furniture,Chairs,Product_245,258.77,1086.8339999999998,305.68960303539455
272,O0082,P151,2,0.42,Office Supplies,Binders,Product_151,149.65,173.59400000000002,24.568460148430916
273,O0604,P111,6,0.49,Furniture,Phones,Product_111,339.71,1039.5125999999998,78.90855074988515
274,O0947,P047,4,0.4,Technology,Tables,Product_47,397.66,954.384,215.3103106742123
275,O0687,P063,6,0.3,Furniture,Phones,Product_63,402.78,1691.6759999999997,211.230161148551
276,O0751,P225,4,0.17,Technology,Storage,Product_225,238.88,793.0816,92.96044766427528
277,O0772,P069,4,0.27,Technology,Binders,Product_69,319.16,931.9472000000001,279.1129338426613
278,O0903,P299,4,0.02,Technology,Tables,Product_299,451.71,1770.7032,468.41249514731425
279,O0365,P290,9,0.37,Technology,Tables,Product_290,184.15,1044.1305,158.69160456533075
280,O0163,P296,7,0.22,Office Supplies,Chairs,Product_296,437.48,2388.6408,704.8050189119422
281,O0048,P203,3,0.01,Office Supplies,Binders,Product_203,388.07,1152.5679,244.9533031696285
282,O0511,P061,3,0.03,Office Supplies,Binders,Product_61,46.31,134.7621,31.73723096561636
283,O0329,P161,6,0.19,Furniture,Phones,Product_161,437.01,2123.8686000000002,122.92582067318912
284,O0840,P016,6,0.29,Technology,Storage,Product_16,439.53,1872.3977999999997,150.54324501793286
285,O0116,P094,4,0.23,Technology,Phones,Product_94,91.01,280.31080000000003,58.38068956906545
286,O0941,P138,9,0.31,Furniture,Storage,Product_138,226.29,1405.2608999999998,386.10385774489947
287,O0849,P038,4,0.24,Office Supplies,Storage,Product_38,397.46,1208.2784,248.82793784178958
288,O0337,P127,9,0.33,Furniture,Storage,Product_127,328.32,1979.7695999999999,165.32308285398815
289,O0881,P275,4,0.11,Furniture,Storage,Product_275,303.88,1081.8128,85.39831493946649
290,O0737,P164,2,0.06,Furniture,Phones,Product_164,272.65,512.5819999999999,133.80772371332483
291,O0864,P077,2,0.3,Technology,Binders,Product_77,361.08,505.51199999999994,42.88035096122879
292,O0840,P174,5,0.24,Furniture,Phones,Product_174,28.83,109.55399999999999,19.7260730502645
293,O0147,P091,4,0.01,Office Supplies,Tables,Product_91,249.64,988.5744,58.601039503435246
294,O0575,P238,7,0.19,Office Supplies,Tables,Product_238,8.79,49.8393,3.4970961844847768
295,O0806,P264,5,0.05,Technology,Phones,Product_264,358.45,1702.6374999999998,371.3232183871946
296,O0323,P179,6,0.27,Technology,Storage,Product_179,446.69,1956.5022,434.9213464251348
297,O0443,P209,4,0.2,Technology,Tables,Product_209,297.89,953.248,129.03865722767114
298,O0837,P073,2,0.31,Office Supplies,Phones,Product_73,85.31,117.72779999999999,12.23220583014503
299,O0013,P107,9,0.4,Office Supplies,Tables,Product_107,238.29,1286.766,326.10197756532455
300,O0943,P295,7,0.15,Office Supplies,Tables,Product_295,308.22,1833.9089999999999,191.2323416134743
301,O0494,P284,4,0.48,Office Supplies,Tables,Product_284,40.15,83.512,15.492041160494677
302,O0701,P182,3,0.27,Furniture,Tables,Product_182,123.56,270.5964,79.02827669641879
303,O0287,P037,3,0.31,Technology,Binders,Product_37,147.13,304.55909999999994,26.485406352043377
304,O0720,P137,9,0.34,Office Supplies,Tables,Product_137,59.94,356.04359999999997,101.55042335834477
305,O0114,P056,5,0.33,Office Supplies,Binders,Product_56,447.52,1499.1919999999998,143.50755050403086
306,O0480,P187,3,0.26,Technology,Binders,Product_187,428.57,951.4254,182.5412402926961
307,O0022,P258,5,0.21,Office Supplies,Tables,Product_258,70.09,276.85550000000006,39.93693964954857
308,O0349,P058,2,0.03,Office Supplies,Tables,Product_58,80.29,155.76260000000002,45.363076946072084
309,O0726,P123,4,0.01,Furniture,Binders,Product_123,156.13,618.2748,73.19477581819169
310,O0683,P188,2,0.18,Technology,Chairs,Product_188,263.12,431.51680000000005,64.69062553860944
311,O0835,P230,2,0.17,Office Supplies,Chairs,Product_230,169.02,280.5732,82.96971210476812
312,O0566,P168,8,0.19,Office Supplies,Chairs,Product_168,237.04,1536.0192,282.8081652742514
313,O0906,P114,1,0.07,Technology,Binders,Product_114,39.47,36.7071,6.447878479280228
314,O0810,P252,7,0.37,Office Supplies,Tables,Product_252,175.89,775.6749,88.77182076494553
315,O0320,P107,5,0.43,Office Supplies,Tables,Product_107,238.29,679.1265000000001,153.0349699852923
316,O0126,P037,8,0.47,Technology,Binders,Product_37,147.13,623.8312,33.43313393876829
317,O0277,P092,1,0.25,Office Supplies,Binders,Product_92,414.98,311.235,19.414265826348334
318,O0976,P018,7,0.35,Office Supplies,Phones,Product_18,435.94,1983.527,396.38733506642933
319,O0204,P063,5,0.43,Furniture,Phones,Product_63,402.78,1147.923,155.45017545035032
320,O0194,P150,4,0.21,Technology,Tables,Product_150,429.88,1358.4208,391.67223724458165
321,O0681,P139,7,0.15,Technology,Storage,Product_139,232.88,1385.6359999999997,382.1551839825894
322,O0664,P186,2,0.47,Technology,Chairs,Product_186,497.74,527.6044,120.51886059634225
323,O0547,P185,1,0.26,Furniture,Phones,Product_185,293.49,217.1826,55.280876121961704
324,O0696,P205,1,0.25,Furniture,Binders,Product_205,446.8,335.1,72.66072570591102
325,O0286,P260,1,0.09,Office Supplies,Phones,Product_260,200.32,182.2912,14.83768805038961
326,O0057,P214,5,0.05,Office Supplies,Chairs,Product_214,195.33,927.8175,223.96200885165294
327,O0734,P256,7,0.42,Technology,Tables,Product_256,352.62,1431.6372000000003,146.81152038978425
328,O0303,P135,2,0.31,Technology,Phones,Product_135,337.01,465.07379999999995,60.859889426074474
329,O0163,P061,8,0.16,Office Supplies,Binders,Product_61,46.31,311.2032,79.29723708893798
330,O0019,P088,4,0.1,Office Supplies,Tables,Product_88,411.71,1482.156,272.91146240849986
331,O0370,P207,3,0.28,Technology,Tables,Product_207,305.51,659.9015999999999,174.8641432986936
332,O0264,P129,8,0.29,Furniture,Chairs,Product_129,436.25,2477.9,255.8650547599061
333,O0794,P003,2,0.1,Office Supplies,Tables,Product_3,35.83,64.494,13.024215654878144
334,O0113,P242,3,0.43,Furniture,Binders,Product_242,172.74,295.38540000000006,20.956927485639326
335,O0488,P121,3,0.04,Technology,Phones,Product_121,348.6,1003.9680000000002,211.60156489059918
336,O0327,P102,1,0.18,Office Supplies,Tables,Product_102,375.67,308.04940000000005,74.12700820408271
337,O0542,P038,6,0.34,Office Supplies,Storage,Product_38,397.46,1573.9415999999997,308.8588467895748
338,O0647,P133,2,0.14,Furniture,Storage,Product_133,133.84,230.2048,26.832182389058328
339,O0579,P202,1,0.41,Office Supplies,Chairs,Product_202,220.13,129.87670000000003,7.511505600145596
340,O0065,P021,2,0.37,Furniture,Binders,Product_21,492.57,620.6382,49.565545083900794
341,O0292,P242,6,0.39,Furniture,Binders,Product_242,172.74,632.2284,129.97082419380126
342,O0025,P109,4,0.06,Office Supplies,Chairs,Product_109,318.9,1199.0639999999999,340.06061072201294
343,O0549,P084,6,0.07,Office Supplies,Chairs,Product_84,272.69,1521.6101999999998,154.64672393368136
344,O0001,P083,9,0.14,Office Supplies,Phones,Product_83,410.44,3176.8056,742.5990766558783
345,O0911,P291,8,0.26,Technology,Chairs,Product_291,298.86,1769.2512000000002,471.70495584866075
346,O0549,P069,1,0.37,Technology,Binders,Product_69,319.16,201.07080000000002,36.23708908154595
347,O0141,P129,8,0.42,Furniture,Chairs,Product_129,436.25,2024.2000000000003,439.8919559866831
348,O0744,P196,9,0.35,Office Supplies,Tables,Product_196,415.5,2430.675,616.7930887154491
349,O0648,P140,6,0.46,Office Supplies,Tables,Product_140,432.96,1402.7903999999999,161.55767219924758
350,O0901,P283,5,0.37,Technology,Storage,Product_283,376.83,1187.0145,147.45559258586098
351,O0188,P234,6,0.15,Technology,Binders,Product_234,143.94,734.0939999999999,36.819864047962476
352,O0128,P023,6,0.13,Technology,Tables,Product_23,18.45,96.30899999999998,28.00410816315911
353,O0201,P153,9,0.35,Furniture,Phones,Product_153,378.21,2212.5285,618.1499823309772
354,O0127,P277,4,0.1,Technology,Chairs,Product_277,61.67,222.012,53.536432343439664
355,O0257,P061,2,0.05,Office Supplies,Binders,Product_61,46.31,87.989,6.138905002428573
356,O0676,P052,9,0.27,Furniture,Phones,Product_52,491.84,3231.3887999999997,523.0833964356564
357,O0547,P153,2,0.41,Furniture,Phones,Product_153,378.21,446.28780000000006,33.682651679526394
358,O0194,P237,9,0.05,Furniture,Storage,Product_237,7.73,66.09150000000001,3.567623585949814
359,O0703,P032,2,0.4,Furniture,Tables,Product_32,193.31,231.97199999999998,47.33289870157415
360,O0104,P055,8,0.41,Technology,Storage,Product_55,96.19,454.01680000000005,131.75901432215315
361,O0535,P036,9,0.24,Technology,Storage,Product_36,264.05,1806.1020000000003,497.97303571421344
362,O0265,P110,9,0.03,Furniture,Storage,Product_110,67.5,589.275,132.1087983927651
363,O0802,P177,9,0.09,Furniture,Binders,Product_177,335.56,2748.2364000000002,203.80961277979083
364,O0942,P295,2,0.35,Office Supplies,Tables,Product_295,308.22,400.68600000000004,47.49772289969082
365,O0974,P097,4,0.36,Technology,Binders,Product_97,54.82,140.3392,18.246086251425055
366,O0384,P213,7,0.45,Furniture,Storage,Product_213,56.59,217.87150000000003,52.46073695152801
367,O0260,P137,2,0.29,Office Supplies,Tables,Product_137,59.94,85.11479999999999,21.326559610190216
368,O0414,P006,1,0.06,Technology,Chairs,Product_6,232.32,218.3808,31.9439858058593
369,O0991,P109,3,0.06,Office Supplies,Chairs,Product_109,318.9,899.2979999999999,138.91546059755578
370,O0358,P035,4,0.36,Furniture,Storage,Product_35,105.86,271.0016,16.56558521457632
371,O0075,P039,8,0.09,Furniture,Phones,Product_39,290.91,2117.8248000000003,258.9764682144672
372,O0355,P150,6,0.16,Technology,Tables,Product_150,429.88,2166.5951999999997,352.76783467605605
373,O0584,P118,2,0.24,Office Supplies,Storage,Product_118,419.34,637.3968,50.51099485505369
374,O0771,P261,9,0.01,Furniture,Tables,Product_261,213.8,1904.958,311.111768876241
375,O0910,P087,2,0.12,Technology,Tables,Product_87,238.23,419.28479999999996,110.39515245183733
376,O0188,P076,5,0.2,Technology,Chairs,Product_76,266.06,1064.24,207.87827050804768
377,O0973,P214,4,0.14,Office Supplies,Chairs,Product_214,195.33,671.9352,46.85569698280165
378,O0685,P285,7,0.07,Technology,Phones,Product_285,44.69,290.9319,28.48742024069937
379,O0992,P239,8,0.36,Office Supplies,Tables,Product_239,113.44,580.8128,97.94599818494287
380,O0290,P165,5,0.41,Technology,Chairs,Product_165,52.78,155.70100000000002,21.856027678601496
381,O0045,P087,5,0.13,Technology,Tables,Product_87,238.23,1036.3004999999998,144.75227242978295
382,O0573,P141,2,0.39,Furniture,Tables,Product_141,275.59,336.21979999999996,61.298538890337056
383,O0083,P160,8,0.19,Technology,Chairs,Product_160,144.35,935.388,183.42863307592984
384,O0123,P046,2,0.25,Office Supplies,Chairs,Product_46,349.47,524.205,130.6399548616577
385,O0358,P112,6,0.43,Office Supplies,Phones,Product_112,165.93,567.4806000000001,76.74700750340725
386,O0528,P045,8,0.37,Office Supplies,Storage,Product_45,83.19,419.2776,105.39237250854448
387,O0066,P247,6,0.4,Furniture,Tables,Product_247,466.22,1678.392,226.00019451320242
388,O0936,P104,4,0.07,Office Supplies,Storage,Product_104,312.36,1161.9792,74.20195503588593
389,O0657,P085,4,0.03,Office Supplies,Storage,Product_85,356.57,1383.4915999999998,260.853069997215
390,O0375,P134,6,0.45,Furniture,Binders,Product_134,454.06,1498.3980000000001,295.1478169544351
391,O0162,P108,4,0.19,Furniture,Binders,Product_108,489.66,1586.4984000000002,449.9865711036721
392,O0746,P018,8,0.14,Office Supplies,Phones,Product_18,435.94,2999.2672,694.3763401119211
393,O0380,P094,9,0.36,Technology,Phones,Product_94,91.01,524.2176000000001,146.4890243090673
394,O0656,P150,1,0.42,Technology,Tables,Product_150,429.88,249.33040000000003,69.08616331719342
395,O0358,P246,4,0.43,Furniture,Phones,Product_246,150.28,342.63840000000005,68.91949645507694
396,O0188,P289,4,0.16,Technology,Tables,Product_289,340.94,1145.5584,208.42348678687907
397,O0322,P209,2,0.43,Technology,Tables,Product_209,297.89,339.5946,64.30571556688398
398,O0450,P126,6,0.02,Furniture,Tables,Product_126,155.45,914.0459999999999,269.2621403585394
399,O0474,P235,3,0.02,Furniture,Storage,Product_235,107.46,315.9324,76.86380111401922
400,O0013,P122,7,0.31,Technology,Tables,Product_122,258.76,1249.8108,95.69360887032703
401,O0184,P138,5,0.03,Furniture,Storage,Product_138,226.29,1097.5065,268.45788405680764
402,O0111,P115,4,0.16,Office Supplies,Tables,Product_115,91.57,307.67519999999996,28.501342075592856
403,O0927,P162,5,0.34,Technology,Storage,Product_162,60.73,200.40899999999996,32.43371904391711
404,O0508,P201,8,0.17,Furniture,Storage,Product_201,161.89,1074.9496,110.30586510557416
405,O0290,P234,3,0.09,Technology,Binders,Product_234,143.94,392.9562,87.39179525407224
406,O0295,P028,7,0.14,Office Supplies,Chairs,Product_28,251.42,1513.5484,407.6401068798478
407,O0451,P011,6,0.23,Office Supplies,Chairs,Product_11,86.53,399.76860000000005,49.00782110159964
408,O0904,P206,1,0.24,Office Supplies,Storage,Product_206,224.47,170.59720000000002,12.027560705010359
409,O0215,P167,7,0.39,Furniture,Binders,Product_167,11.14,47.5678,5.928054997652559
410,O0974,P247,7,0.38,Furniture,Tables,Product_247,466.22,2023.3948,441.2831117645852
411,O0632,P047,1,0.23,Technology,Tables,Product_47,397.66,306.19820000000004,40.476349822235754
412,O0894,P246,9,0.42,Furniture,Phones,Product_246,150.28,784.4616000000001,93.7651589846812
413,O0567,P127,6,0.06,Furniture,Storage,Product_127,328.32,1851.7248,177.96704409940247
414,O0027,P147,2,0.13,Technology,Phones,Product_147,371.25,645.975,112.64454346255306
415,O0630,P118,5,0.41,Office Supplies,Storage,Product_118,419.34,1237.053,147.19348142958336
416,O0733,P152,4,0.19,Office Supplies,Storage,Product_152,455.83,1476.8892,343.74978243308306
417,O0231,P072,7,0.49,Technology,Phones,Product_72,216.61,773.2977,53.47786680726144
418,O0565,P137,8,0.23,Office Supplies,Tables,Product_137,59.94,369.2304,79.75681560722624
419,O0807,P175,1,0.4,Furniture,Chairs,Product_175,451.93,271.158,29.66197460754184
420,O0321,P289,5,0.2,Technology,Tables,Product_289,340.94,1363.7600000000002,235.00287126293364
421,O0913,P019,3,0.21,Office Supplies,Tables,Product_19,123.2,291.98400000000004,35.48261994859391
422,O0233,P195,1,0.19,Furniture,Phones,Product_195,336.25,272.3625,62.83189587999758
423,O0670,P175,3,0.36,Furniture,Chairs,Product_175,451.93,867.7056,248.44733313644267
424,O0437,P141,6,0.27,Furniture,Tables,Product_141,275.59,1207.0842,337.101432671224
425,O0781,P246,7,0.47,Furniture,Phones,Product_246,150.28,557.5388,109.19762796999461
426,O0533,P093,8,0.13,Technology,Phones,Product_93,170.93,1189.6728,197.07236369614463
427,O0403,P239,4,0.05,Office Supplies,Tables,Product_239,113.44,431.07199999999995,109.74020930126328
428,O0053,P205,3,0.2,Furniture,Binders,Product_205,446.8,1072.3200000000002,236.80213129324187
429,O0787,P048,5,0.31,Furniture,Binders,Product_48,161.8,558.2099999999999,53.527331049258514
430,O0313,P245,9,0.43,Furniture,Chairs,Product_245,258.77,1327.4901,338.8150372427608
431,O0281,P295,6,0.17,Office Supplies,Tables,Product_295,308.22,1534.9356,241.3242593915508
432,O0726,P128,9,0.33,Office Supplies,Storage,Product_128,469.46,2830.843799999999,275.28941095457725
433,O0031,P282,6,0.18,Office Supplies,Tables,Product_282,212.38,1044.9096,125.85866917096469
434,O0337,P017,2,0.31,Office Supplies,Storage,Product_17,440.39,607.7381999999999,71.03350895361827
435,O0183,P071,5,0.44,Office Supplies,Chairs,Product_71,441.55,1236.3400000000001,222.2960877453105
436,O0023,P269,9,0.12,Technology,Chairs,Product_269,411.49,3259.0008,353.9031182538172
437,O0544,P282,8,0.2,Office Supplies,Tables,Product_282,212.38,1359.232,109.9504809509548
438,O0446,P007,7,0.5,Office Supplies,Storage,Product_7,30.72,107.52,8.700810064497889
439,O0074,P103,1,0.43,Technology,Tables,Product_103,327.32,186.57240000000002,36.534429990778605
440,O0010,P193,4,0.28,Furniture,Phones,Product_193,51.46,148.2048,34.6339533630161
441,O0484,P241,7,0.26,Office Supplies,Chairs,Product_241,58.47,302.8746,39.489775359677225
442,O0456,P062,7,0.14,Technology,Storage,Product_62,441.8,2659.636,156.02136881172828
443,O0566,P017,6,0.26,Office Supplies,Storage,Product_17,440.39,1955.3316,159.9582904335911
444,O0564,P171,8,0.42,Technology,Storage,Product_171,152.13,705.8832000000001,196.71104081832877
445,O0660,P025,6,0.34,Furniture,Tables,Product_25,234.65,929.2139999999999,161.1126195254385
446,O0160,P251,3,0.15,Furniture,Tables,Product_251,61.35,156.4425,25.561641067055493
447,O0882,P253,4,0.1,Office Supplies,Storage,Product_253,256.17,922.2120000000001,54.8829522069264
448,O0014,P207,3,0.13,Technology,Tables,Product_207,305.51,797.3811,185.1194025889434
449,O0178,P029,1,0.08,Office Supplies,Chairs,Product_29,57.21,52.6332,9.580138229328576
450,O0412,P117,5,0.05,Office Supplies,Binders,Product_117,117.45,557.8874999999999,56.07898205774221
451,O0878,P282,1,0.21,Office Supplies,Tables,Product_282,212.38,167.7802,13.006059374482454
452,O0053,P144,1,0.06,Office Supplies,Storage,Product_144,59.81,56.221399999999996,8.199720609100009
453,O0408,P025,2,0.09,Furniture,Tables,Product_25,234.65,427.06300000000005,110.73337497875507
454,O0847,P156,4,0.27,Technology,Chairs,Product_156,481.59,1406.2428,374.51570093890365
455,O0022,P073,6,0.08,Office Supplies,Phones,Product_73,85.31,470.9112,94.51733810194142
456,O0030,P120,8,0.03,Furniture,Tables,Product_120,323.23,2508.2648,581.6267427847821
457,O0703,P093,3,0.16,Technology,Phones,Product_93,170.93,430.74359999999996,33.937834606686756
458,O0260,P086,1,0.11,Furniture,Phones,Product_86,160.6,142.934,28.16250276039559
459,O0205,P118,3,0.26,Office Supplies,Storage,Product_118,419.34,930.9348,201.77213594567473
460,O0059,P233,3,0.05,Office Supplies,Chairs,Product_233,307.34,875.919,87.74799816305149
461,O0471,P199,5,0.38,Office Supplies,Binders,Product_199,261.14,809.5339999999999,218.60549538794336
462,O0776,P206,4,0.45,Office Supplies,Storage,Product_206,224.47,493.83400000000006,48.765704719238826
463,O0466,P147,4,0.37,Technology,Phones,Product_147,371.25,935.55,120.09593600108666
464,O0012,P271,9,0.27,Furniture,Chairs,Product_271,320.02,2102.5314,431.3116340879545
465,O0631,P139,7,0.43,Technology,Storage,Product_139,232.88,929.1912,194.74687575972547
466,O0927,P181,4,0.35,Technology,Tables,Product_181,44.09,114.63400000000001,25.775017599586466
467,O0974,P030,3,0.01,Furniture,Phones,Product_30,330.11,980.4267,76.47615355120195
468,O0290,P057,6,0.2,Furniture,Binders,Product_57,328.87,1578.576,414.16484048472483
469,O0850,P232,3,0.43,Office Supplies,Storage,Product_232,102.07,174.5397,31.977729653645127
470,O0760,P146,6,0.17,Technology,Chairs,Product_146,25.8,128.484,21.563527348448904
471,O0354,P048,9,0.02,Furniture,Binders,Product_48,161.8,1427.076,421.3790184000603
472,O0639,P194,6,0.37,Office Supplies,Tables,Product_194,455.27,1720.9206,404.5790957496794
473,O0075,P224,4,0.4,Furniture,Tables,Product_224,184.12,441.888,35.13076177269558
474,O0873,P136,5,0.08,Office Supplies,Binders,Product_136,282.42,1299.1320000000003,310.6676603492402
475,O0716,P022,6,0.27,Furniture,Storage,Product_22,387.15,1695.7169999999996,125.16465914241806
476,O0561,P006,3,0.1,Technology,Chairs,Product_6,232.32,627.264,35.671023731036236
477,O0591,P204,8,0.36,Technology,Tables,Product_204,302.95,1551.104,234.07163516417967
478,O0441,P239,4,0.14,Office Supplies,Tables,Product_239,113.44,390.23359999999997,116.44357681516647
479,O0991,P185,8,0.16,Furniture,Phones,Product_185,293.49,1972.2528,184.8414732088348
480,O0241,P292,3,0.42,Office Supplies,Tables,Product_292,10.01,17.417400000000004,3.7997988972358794
481,O0861,P220,7,0.24,Furniture,Chairs,Product_220,255.6,1359.7920000000001,126.93524591463787
482,O0154,P116,9,0.33,Furniture,Storage,Product_116,428.59,2584.3976999999995,597.5043327681026
483,O0786,P049,4,0.2,Furniture,Binders,Product_49,429.3,1373.7600000000002,242.24666381959904
484,O0096,P173,8,0.15,Technology,Storage,Product_173,372.88,2535.584,557.8105471388152
485,O0726,P082,3,0.31,Furniture,Binders,Product_82,429.8,889.686,89.60765609660794
486,O0294,P045,7,0.08,Office Supplies,Storage,Product_45,83.19,535.7435999999999,126.65358178163267
487,O0209,P020,3,0.19,Furniture,Binders,Product_20,228.36,554.9148,165.8666778366806
488,O0343,P221,7,0.1,Furniture,Storage,Product_221,318.88,2008.944,434.7608448323796
489,O0088,P123,6,0.35,Furniture,Binders,Product_123,156.13,608.907,105.56620629664043
490,O0818,P234,2,0.47,Technology,Binders,Product_234,143.94,152.5764,42.8424609392921
491,O0776,P221,3,0.5,Furniture,Storage,Product_221,318.88,478.32,25.81156329408777
492,O0937,P003,6,0.23,Office Supplies,Tables,Product_3,35.83,165.53459999999998,38.483629448892664
493,O0390,P182,4,0.13,Furniture,Tables,Product_182,123.56,429.9888,117.03720206723781
494,O0325,P206,6,0.22,Office Supplies,Storage,Product_206,224.47,1050.5196,68.7235697289137
495,O0940,P040,1,0.42,Furniture,Chairs,Product_40,319.12,185.08960000000002,30.08002931914613
496,O0889,P059,1,0.1,Furniture,Tables,Product_59,222.96,200.66400000000002,20.303156126855647
497,O0832,P062,3,0.48,Technology,Storage,Product_62,441.8,689.2080000000001,132.07261296711434
498,O0157,P132,8,0.17,Technology,Chairs,Product_132,334.17,2218.8888,471.2603389911315
499,O0668,P060,8,0.49,Furniture,Binders,Product_60,309.57,1263.0456,158.7089999140398
500,O0651,P122,4,0.42,Technology,Tables,Product_122,258.76,600.3232,99.05057697062513
501,O0633,P107,6,0.4,Office Supplies,Tables,Product_107,238.29,857.8439999999999,102.79962535189622
502,O0577,P096,8,0.16,Furniture,Chairs,Product_96,413.86,2781.1392,395.8890218999409
503,O0619,P235,7,0.0,Furniture,Storage,Product_235,107.46,752.2199999999999,67.61328655504148
504,O0659,P062,7,0.19,Technology,Storage,Product_62,441.8,2505.0060000000003,679.8332298846672
505,O0137,P256,4,0.15,Technology,Tables,Product_256,352.62,1198.908,62.94579032565828
506,O0923,P049,9,0.02,Furniture,Binders,Product_49,429.3,3786.4260000000004,1024.6155715474022
507,O0674,P159,6,0.25,Technology,Storage,Product_159,415.55,1869.9750000000001,360.75505263551315
508,O0428,P124,3,0.2,Office Supplies,Binders,Product_124,110.26,264.624,35.17235633937477
509,O0452,P207,5,0.32,Technology,Tables,Product_207,305.51,1038.734,239.7027050394775
510,O0612,P048,5,0.31,Furniture,Binders,Product_48,161.8,558.2099999999999,98.76858217281446
511,O0850,P136,5,0.06,Office Supplies,Binders,Product_136,282.42,1327.374,231.99466398673152
512,O0911,P201,8,0.49,Furniture,Storage,Product_201,161.89,660.5111999999999,51.2131128653865
513,O0819,P250,9,0.09,Furniture,Binders,Product_250,310.45,2542.5854999999997,374.7237248966049
514,O0141,P295,9,0.22,Office Supplies,Tables,Product_295,308.22,2163.7044000000005,238.58321645333578
515,O0083,P209,6,0.24,Technology,Tables,Product_209,297.89,1358.3784,73.24916478260636
516,O0177,P211,6,0.41,Furniture,Chairs,Product_211,122.53,433.7562000000001,60.73667186736314
517,O0198,P192,9,0.05,Furniture,Binders,Product_192,61.89,529.1595,38.340533273947074
518,O0624,P044,4,0.21,Office Supplies,Chairs,Product_44,268.85,849.5660000000001,97.02681695750869
519,O0568,P029,6,0.31,Office Supplies,Chairs,Product_29,57.21,236.84939999999997,17.3205965543108
520,O0972,P059,4,0.11,Furniture,Tables,Product_59,222.96,793.7376,59.71717090230868
521,O0691,P071,1,0.31,Office Supplies,Chairs,Product_71,441.55,304.66949999999997,30.391642890957048
522,O0421,P092,7,0.46,Office Supplies,Binders,Product_92,414.98,1568.6244000000002,470.52820030573326
523,O0401,P265,6,0.5,Furniture,Phones,Product_265,305.91,917.73,46.387613356095734
524,O0698,P220,9,0.02,Furniture,Chairs,Product_220,255.6,2254.392,472.6742203721882
525,O0471,P215,7,0.12,Office Supplies,Storage,Product_215,246.4,1517.824,129.48696867836534
526,O0218,P277,7,0.16,Technology,Chairs,Product_277,61.67,362.6196,101.5904316707017
527,O0925,P064,2,0.2,Furniture,Tables,Product_64,255.08,408.12800000000004,29.95995137261686
528,O0929,P292,9,0.12,Office Supplies,Tables,Product_292,10.01,79.2792,22.89312135620458
529,O0828,P245,9,0.1,Furniture,Chairs,Product_245,258.77,2096.037,424.93292811042664
530,O0987,P062,6,0.48,Technology,Storage,Product_62,441.8,1378.4160000000002,69.35778437738561
531,O0729,P170,3,0.46,Technology,Storage,Product_170,301.19,487.9278,133.44913131592793
532,O0632,P269,1,0.02,Technology,Chairs,Product_269,411.49,403.2602,72.75941134039594
533,O0951,P267,4,0.17,Furniture,Binders,Product_267,412.78,1370.4296,158.51407508026546
534,O0906,P054,3,0.2,Furniture,Chairs,Product_54,105.0,252.0,60.938588183484704
535,O0175,P016,1,0.12,Technology,Storage,Product_16,439.53,386.78639999999996,108.9447283979771
536,O0023,P008,3,0.31,Office Supplies,Storage,Product_8,394.21,816.0146999999998,139.475440485721
537,O0725,P104,4,0.32,Office Supplies,Storage,Product_104,312.36,849.6192,109.5060326283941
538,O0917,P059,8,0.43,Furniture,Tables,Product_59,222.96,1016.6976000000002,251.36453350908567
539,O0235,P040,9,0.37,Furniture,Chairs,Product_40,319.12,1809.4104,398.8779625669017
540,O0013,P237,3,0.27,Furniture,Storage,Product_237,7.73,16.9287,4.607791042915809
541,O0101,P094,6,0.33,Technology,Phones,Product_94,91.01,365.8602,81.63383880290316
542,O0929,P222,5,0.14,Furniture,Binders,Product_222,40.11,172.473,19.124165798754934
543,O0536,P204,6,0.3,Technology,Tables,Product_204,302.95,1272.3899999999999,359.9779782002195
544,O0876,P138,4,0.24,Furniture,Storage,Product_138,226.29,687.9216,52.425773738785274
545,O0523,P300,6,0.07,Furniture,Phones,Product_300,37.89,211.4262,24.73383936816011
546,O0785,P207,7,0.12,Technology,Tables,Product_207,305.51,1881.9415999999997,338.84104809281536
547,O0452,P081,9,0.15,Technology,Storage,Product_81,97.77,747.9404999999999,143.18236846262073
548,O0431,P218,7,0.46,Furniture,Chairs,Product_218,302.32,1142.7695999999999,61.51259823884851
549,O0793,P002,6,0.12,Technology,Chairs,Product_2,274.99,1451.9472,355.9349559130204
550,O0606,P178,1,0.14,Office Supplies,Chairs,Product_178,298.64,256.8304,36.05945805853004
551,O0713,P279,2,0.18,Furniture,Chairs,Product_279,230.84,378.5776,57.39411896202274
552,O0533,P146,1,0.33,Technology,Chairs,Product_146,25.8,17.285999999999998,4.3619904862842604
553,O0852,P224,9,0.06,Furniture,Tables,Product_224,184.12,1557.6552,225.5809468495117
554,O0979,P062,9,0.48,Technology,Storage,Product_62,441.8,2067.6240000000003,127.79202200939775
555,O0723,P294,7,0.43,Furniture,Binders,Product_294,457.08,1823.7492000000002,171.63293256087127
556,O0652,P239,2,0.29,Office Supplies,Tables,Product_239,113.44,161.0848,46.549607835878966
557,O0293,P195,6,0.34,Furniture,Phones,Product_195,336.25,1331.5499999999997,90.01456507676691
558,O0810,P166,4,0.01,Furniture,Storage,Product_166,124.74,493.9704,68.52989682866284
559,O0913,P222,1,0.17,Furniture,Binders,Product_222,40.11,33.2913,5.852437151014106
560,O0101,P061,1,0.4,Office Supplies,Binders,Product_61,46.31,27.786,4.815875267107307
561,O0502,P129,5,0.04,Furniture,Chairs,Product_129,436.25,2094.0,106.77303016685674
562,O0304,P173,2,0.14,Technology,Storage,Product_173,372.88,641.3536,112.42331050152369
563,O0871,P156,4,0.29,Technology,Chairs,Product_156,481.59,1367.7155999999998,199.60867440651174
564,O0540,P110,1,0.13,Furniture,Storage,Product_110,67.5,58.725,17.20758974393584
565,O0553,P269,4,0.47,Technology,Chairs,Product_269,411.49,872.3588000000001,78.32889688048915
566,O0355,P278,6,0.07,Technology,Chairs,Product_278,195.0,1088.1,150.7437953735016
567,O0303,P074,4,0.4,Technology,Binders,Product_74,11.24,26.976,4.177783135445745
568,O0496,P207,1,0.25,Technology,Tables,Product_207,305.51,229.1325,33.83677172244578
569,O0658,P279,7,0.38,Furniture,Chairs,Product_279,230.84,1001.8456000000001,216.8572012568442
570,O0768,P204,2,0.16,Technology,Tables,Product_204,302.95,508.95599999999996,52.869440481520556
571,O0974,P161,9,0.26,Furniture,Phones,Product_161,437.01,2910.4866,306.3807780265789
572,O0227,P028,3,0.43,Office Supplies,Chairs,Product_28,251.42,429.92820000000006,99.87349762731613
573,O0236,P257,8,0.23,Technology,Binders,Product_257,496.44,3058.0704,535.3844266425971
574,O0873,P165,8,0.18,Technology,Chairs,Product_165,52.78,346.2368,53.24738319497995
575,O0892,P063,3,0.27,Furniture,Phones,Product_63,402.78,882.0881999999999,81.4174138221235
576,O0455,P022,4,0.36,Furniture,Storage,Product_22,387.15,991.1039999999999,96.01994518428499
577,O0013,P070,2,0.22,Office Supplies,Binders,Product_70,87.15,135.954,7.156334307917237
578,O0210,P096,4,0.47,Furniture,Chairs,Product_96,413.86,877.3832000000001,63.92312808448671
579,O0741,P163,9,0.15,Technology,Phones,Product_163,353.32,2702.898,511.4144485502158
580,O0397,P079,2,0.24,Furniture,Tables,Product_79,44.31,67.3512,18.384741388455605
581,O0100,P005,3,0.38,Office Supplies,Phones,Product_5,404.17,751.7562,91.5572831521101
582,O0031,P120,4,0.34,Furniture,Tables,Product_120,323.23,853.3272,112.58526564542764
583,O0898,P178,5,0.43,Office Supplies,Chairs,Product_178,298.64,851.124,67.15487743152818
584,O0528,P176,1,0.5,Technology,Tables,Product_176,426.87,213.435,31.408611468912998
585,O0649,P217,7,0.21,Furniture,Storage,Product_217,475.51,2629.5703,155.94778721272056
586,O0329,P056,7,0.06,Office Supplies,Binders,Product_56,447.52,2944.6816,822.7445516074016
587,O0166,P187,9,0.02,Technology,Binders,Product_187,428.57,3779.9874,825.0874736769331
588,O0459,P232,4,0.36,Office Supplies,Storage,Product_232,102.07,261.2992,77.78542782385014
589,O0822,P255,6,0.44,Furniture,Binders,Product_255,249.31,837.6816000000001,226.76525985739525
590,O0952,P104,2,0.11,Office Supplies,Storage,Product_104,312.36,556.0008,93.54582712216195
591,O0982,P077,4,0.08,Technology,Binders,Product_77,361.08,1328.7744,239.07476136395584
592,O0993,P230,2,0.03,Office Supplies,Chairs,Product_230,169.02,327.8988,32.01735424043301
593,O0100,P258,5,0.41,Office Supplies,Tables,Product_258,70.09,206.76550000000006,34.221723935473044
594,O0621,P264,7,0.16,Technology,Phones,Product_264,358.45,2107.686,581.2091016426426
595,O0855,P182,1,0.2,Furniture,Tables,Product_182,123.56,98.84800000000001,6.199089804888413
596,O0173,P256,7,0.25,Technology,Tables,Product_256,352.62,1851.255,492.228712333659
597,O0749,P038,6,0.42,Office Supplies,Storage,Product_38,397.46,1383.1608,187.05444851955835
598,O0162,P176,6,0.33,Technology,Tables,Product_176,426.87,1716.0174,471.6957591068451
599,O0905,P027,8,0.31,Office Supplies,Tables,Product_27,271.66,1499.5632,427.7053807922843
600,O0728,P276,8,0.09,Furniture,Tables,Product_276,344.86,2510.5808,546.5941661752887
601,O0776,P140,6,0.26,Office Supplies,Tables,Product_140,432.96,1922.3423999999998,415.429624133914
602,O0263,P299,3,0.36,Technology,Tables,Product_299,451.71,867.2832,141.5307177054792
603,O0804,P287,5,0.49,Technology,Chairs,Product_287,471.15,1201.4325000000001,311.03292020602703
604,O0274,P091,2,0.1,Office Supplies,Tables,Product_91,249.64,449.352,130.49325405687816
605,O0003,P061,5,0.0,Office Supplies,Binders,Product_61,46.31,231.55,56.44504771713077
606,O0028,P163,9,0.04,Technology,Phones,Product_163,353.32,3052.6848,627.2784434251882
607,O0326,P143,1,0.19,Office Supplies,Storage,Product_143,488.52,395.70120000000003,79.8122292569945
608,O0940,P253,5,0.41,Office Supplies,Storage,Product_253,256.17,755.7015000000002,198.27149470790658
609,O0149,P269,6,0.0,Technology,Chairs,Product_269,411.49,2468.94,457.4969063658474
610,O0540,P291,7,0.23,Technology,Chairs,Product_291,298.86,1610.8554,404.26827965182537
611,O0488,P187,9,0.16,Technology,Binders,Product_187,428.57,3239.9892,574.1951427009501
612,O0822,P291,6,0.03,Technology,Chairs,Product_291,298.86,1739.3652,114.12160970721864
613,O0438,P086,5,0.23,Furniture,Phones,Product_86,160.6,618.3100000000001,90.26506876888206
614,O0065,P166,7,0.13,Furniture,Storage,Product_166,124.74,759.6665999999999,122.39006780376282
615,O0356,P114,1,0.18,Technology,Binders,Product_114,39.47,32.3654,2.7641446952224653
616,O0533,P183,5,0.35,Technology,Phones,Product_183,398.32,1294.54,97.89839949715089
617,O0252,P207,2,0.26,Technology,Tables,Product_207,305.51,452.15479999999997,83.13600180478753
618,O0235,P256,4,0.06,Technology,Tables,Product_256,352.62,1325.8511999999998,94.51450817506134
619,O0227,P235,7,0.48,Furniture,Storage,Product_235,107.46,391.15439999999995,49.18230384473627
620,O0525,P003,5,0.32,Office Supplies,Tables,Product_3,35.83,121.82199999999997,28.768173201443453
621,O0313,P208,6,0.38,Office Supplies,Storage,Product_208,317.5,1181.1,343.8277118219355
622,O0049,P197,2,0.04,Technology,Phones,Product_197,440.09,844.9727999999999,193.89391862164712
623,O0118,P125,3,0.02,Furniture,Binders,Product_125,21.43,63.00419999999999,18.78510464495858
624,O0054,P138,7,0.01,Furniture,Storage,Product_138,226.29,1568.1897,352.19108841981375
625,O0650,P025,2,0.09,Furniture,Tables,Product_25,234.65,427.06300000000005,52.72033700526227
626,O0565,P068,6,0.21,Office Supplies,Phones,Product_68,335.62,1590.8388,346.8237542686253
627,O0044,P061,5,0.47,Office Supplies,Binders,Product_61,46.31,122.7215,27.67850786502796
628,O0815,P029,1,0.23,Office Supplies,Chairs,Product_29,57.21,44.051700000000004,6.296386402057235
629,O0053,P019,4,0.15,Office Supplies,Tables,Product_19,123.2,418.88,22.798994435815217
630,O0586,P171,2,0.28,Technology,Storage,Product_171,152.13,219.06719999999999,49.46536197284213
631,O0558,P074,4,0.06,Technology,Binders,Product_74,11.24,42.2624,2.3423945266432624
632,O0525,P061,1,0.3,Office Supplies,Binders,Product_61,46.31,32.417,6.736155981618332
633,O0677,P153,2,0.28,Furniture,Phones,Product_153,378.21,544.6224,49.50842119463583
634,O0102,P276,8,0.4,Furniture,Tables,Product_276,344.86,1655.328,316.83123909502825
635,O0792,P048,6,0.49,Furniture,Binders,Product_48,161.8,495.10800000000006,87.12824254253455
636,O0770,P211,2,0.13,Furniture,Chairs,Product_211,122.53,213.2022,11.380394567422801
637,O0982,P139,6,0.25,Technology,Storage,Product_139,232.88,1047.96,147.4652153945472
638,O0849,P110,9,0.45,Furniture,Storage,Product_110,67.5,334.125,66.91614657657242
639,O0868,P183,7,0.39,Technology,Phones,Product_183,398.32,1700.8264,445.87442667060367
640,O0398,P028,9,0.24,Office Supplies,Chairs,Product_28,251.42,1719.7127999999998,468.0379444459289
641,O0138,P197,5,0.47,Technology,Phones,Product_197,440.09,1166.2385,199.3830408191478
642,O0675,P191,7,0.03,Technology,Phones,Product_191,301.49,2047.1171000000002,475.1473874438032
643,O0921,P051,7,0.47,Office Supplies,Storage,Product_51,142.07,527.0797,68.05318081572047
644,O0387,P149,3,0.03,Furniture,Storage,Product_149,143.62,417.9342,56.649560435404965
645,O0111,P268,7,0.27,Furniture,Storage,Product_268,477.75,2441.3025,240.75119388464512
646,O0614,P050,1,0.45,Office Supplies,Binders,Product_50,453.54,249.44700000000003,47.516417548370896
647,O0017,P246,9,0.13,Furniture,Phones,Product_246,150.28,1176.6924,151.37093142717092
648,O0780,P113,6,0.24,Furniture,Phones,Product_113,344.73,1571.9688,111.75554420734026
649,O0182,P170,5,0.16,Technology,Storage,Product_170,301.19,1264.998,279.882732404187
650,O0884,P166,7,0.48,Furniture,Storage,Product_166,124.74,454.0536,103.04215295619461
651,O0536,P014,5,0.41,Technology,Tables,Product_14,262.1,773.195,108.24583455946843
652,O0541,P203,5,0.35,Office Supplies,Binders,Product_203,388.07,1261.2275,87.25279032185524
653,O0171,P288,7,0.29,Technology,Chairs,Product_288,335.94,1669.6218,261.4200805667498
654,O0409,P189,7,0.41,Office Supplies,Phones,Product_189,36.5,150.74500000000003,24.207214655944934
655,O0740,P155,3,0.2,Office Supplies,Storage,Product_155,13.91,33.38400000000001,7.2499272053578165
656,O0378,P055,3,0.22,Technology,Storage,Product_55,96.19,225.0846,29.00307306497607
657,O0188,P182,3,0.37,Furniture,Tables,Product_182,123.56,233.5284,51.52799941212015
658,O0858,P210,6,0.18,Furniture,Phones,Product_210,352.8,1735.7760000000003,464.9660237643682
659,O0230,P075,6,0.03,Office Supplies,Storage,Product_75,282.08,1641.7056,179.5558214169652
660,O0833,P277,3,0.04,Technology,Chairs,Product_277,61.67,177.60959999999997,52.346857698658226
661,O0852,P133,3,0.06,Furniture,Storage,Product_133,133.84,377.42879999999997,55.32805558944512
662,O0119,P059,8,0.43,Furniture,Tables,Product_59,222.96,1016.6976000000002,118.76519594204336
663,O0156,P182,8,0.24,Furniture,Tables,Product_182,123.56,751.2448,116.72676100067669
664,O0784,P064,7,0.36,Furniture,Tables,Product_64,255.08,1142.7584000000002,84.10629713198318
665,O0687,P260,4,0.2,Office Supplies,Phones,Product_260,200.32,641.024,52.196325754005606
666,O0465,P193,4,0.13,Furniture,Phones,Product_193,51.46,179.0808,27.508335169581592
667,O0104,P143,3,0.17,Office Supplies,Storage,Product_143,488.52,1216.4147999999998,292.6829401664114
668,O0604,P104,5,0.4,Office Supplies,Storage,Product_104,312.36,937.08,257.770148365116
669,O0698,P214,3,0.31,Office Supplies,Chairs,Product_214,195.33,404.3331,87.41863478052026
670,O0972,P242,8,0.47,Furniture,Binders,Product_242,172.74,732.4176000000001,55.887043530151935
671,O0795,P209,7,0.34,Technology,Tables,Product_209,297.89,1376.2517999999998,300.02969183413325
672,O0502,P093,3,0.29,Technology,Phones,Product_93,170.93,364.08089999999993,76.04083731366666
673,O0693,P142,9,0.31,Technology,Phones,Product_142,193.3,1200.393,301.8279917929717
674,O0682,P112,5,0.47,Office Supplies,Phones,Product_112,165.93,439.71450000000004,112.70417620815762
675,O0699,P059,9,0.39,Furniture,Tables,Product_59,222.96,1224.0504,326.8836005471224
676,O0175,P043,7,0.01,Furniture,Tables,Product_43,457.97,3173.7320999999997,487.27222536032565
677,O0734,P207,7,0.27,Technology,Tables,Product_207,305.51,1561.1560999999997,350.42661944420286
678,O0745,P268,6,0.34,Furniture,Storage,Product_268,477.75,1891.8899999999999,221.46954288538262
679,O0674,P296,2,0.37,Office Supplies,Chairs,Product_296,437.48,551.2248000000001,165.2759752666628
680,O0421,P118,9,0.11,Office Supplies,Storage,Product_118,419.34,3358.9134,315.1788032098923
681,O0134,P020,6,0.43,Furniture,Binders,Product_20,228.36,780.9912000000002,41.02438053002855
682,O0391,P222,8,0.48,Furniture,Binders,Product_222,40.11,166.8576,14.550346240897001
683,O0992,P166,1,0.12,Furniture,Storage,Product_166,124.74,109.7712,26.78066806750156
684,O0736,P131,5,0.44,Furniture,Storage,Product_131,395.28,1106.784,178.96245615511612
685,O0501,P156,1,0.05,Technology,Chairs,Product_156,481.59,457.5105,74.05954053146824
686,O0665,P184,8,0.03,Office Supplies,Binders,Product_184,22.16,171.9616,49.65489732327348
687,O0033,P090,8,0.06,Office Supplies,Chairs,Product_90,182.11,1369.4672,383.32582062986614
688,O0055,P094,1,0.03,Technology,Phones,Product_94,91.01,88.2797,11.282029523729147
689,O0954,P013,9,0.42,Furniture,Tables,Product_13,379.59,1981.4598000000003,202.63305951062736
690,O0519,P293,2,0.03,Furniture,Binders,Product_293,319.87,620.5477999999999,162.65833217838005
691,O0756,P230,9,0.14,Office Supplies,Chairs,Product_230,169.02,1308.2148,361.7276294556218
692,O0825,P292,1,0.05,Office Supplies,Tables,Product_292,10.01,9.5095,1.7630539843380526
693,O0638,P026,9,0.15,Technology,Chairs,Product_26,455.06,3481.209,721.8493219885626
694,O0012,P075,4,0.05,Office Supplies,Storage,Product_75,282.08,1071.904,122.44206235470202
695,O0528,P299,9,0.33,Technology,Tables,Product_299,451.71,2723.8113,681.4994176465698
696,O0720,P150,7,0.07,Technology,Tables,Product_150,429.88,2798.5188,582.1775649790616
697,O0555,P148,6,0.43,Technology,Binders,Product_148,459.45,1571.319,276.3610367648142
698,O0373,P008,5,0.41,Office Supplies,Storage,Product_8,394.21,1162.9195000000002,75.62132799510252
699,O0484,P029,9,0.01,Office Supplies,Chairs,Product_29,57.21,509.74109999999996,142.20947882972354
700,O0973,P296,2,0.45,Office Supplies,Chairs,Product_296,437.48,481.22800000000007,98.10451403218676
701,O0647,P209,2,0.01,Technology,Tables,Product_209,297.89,589.8222,57.90448134805367
702,O0228,P128,9,0.12,Office Supplies,Storage,Product_128,469.46,3718.1231999999995,749.5607324281506
703,O0623,P116,3,0.02,Furniture,Storage,Product_116,428.59,1260.0546,276.412933960377
704,O0307,P144,8,0.17,Office Supplies,Storage,Product_144,59.81,397.1384,72.05781756945937
705,O0457,P235,9,0.26,Furniture,Storage,Product_235,107.46,715.6836,164.26758924665572
706,O0160,P007,8,0.4,Office Supplies,Storage,Product_7,30.72,147.456,28.8075183364408
707,O0331,P045,4,0.17,Office Supplies,Storage,Product_45,83.19,276.19079999999997,79.25084976928116
708,O0776,P239,1,0.35,Office Supplies,Tables,Product_239,113.44,73.736,4.676651946899622
709,O0225,P155,4,0.09,Office Supplies,Storage,Product_155,13.91,50.632400000000004,3.876488802378544
710,O0983,P181,9,0.38,Technology,Tables,Product_181,44.09,246.02220000000003,22.982879550277
711,O0729,P215,2,0.12,Office Supplies,Storage,Product_215,246.4,433.664,96.50878679063928
712,O0504,P088,3,0.07,Office Supplies,Tables,Product_88,411.71,1148.6708999999998,242.82784304695204
713,O0456,P256,8,0.09,Technology,Tables,Product_256,352.62,2567.0736,700.8488674225991
714,O0045,P073,6,0.09,Office Supplies,Phones,Product_73,85.31,465.79260000000005,108.63185356504214
715,O0214,P179,8,0.26,Technology,Storage,Product_179,446.69,2644.4048,468.294662855537
716,O0059,P212,7,0.42,Furniture,Chairs,Product_212,258.62,1049.9972000000002,312.85501123944834
717,O0644,P293,5,0.04,Furniture,Binders,Product_293,319.87,1535.3759999999997,178.91274232784843
718,O0616,P234,9,0.35,Technology,Binders,Product_234,143.94,842.0490000000001,217.49950098267047
719,O0195,P239,4,0.33,Office Supplies,Tables,Product_239,113.44,304.01919999999996,47.6390768805244
720,O0925,P223,6,0.44,Technology,Storage,Product_223,130.92,439.8912,93.33777968055335
721,O0489,P119,2,0.12,Office Supplies,Storage,Product_119,143.24,252.10240000000002,58.441651711346935
722,O0157,P264,2,0.23,Technology,Phones,Product_264,358.45,552.013,115.0607737330498
723,O0610,P207,2,0.46,Technology,Tables,Product_207,305.51,329.9508,28.08766426663071
724,O0226,P095,7,0.33,Office Supplies,Tables,Product_95,357.45,1676.4405,269.46727848344244
725,O0412,P222,2,0.19,Furniture,Binders,Product_222,40.11,64.9782,12.369223802253536
726,O0205,P276,2,0.07,Furniture,Tables,Product_276,344.86,641.4395999999999,168.22455231750385
727,O0079,P231,9,0.13,Office Supplies,Binders,Product_231,243.61,1907.4663000000003,306.9331437428856
728,O0124,P119,7,0.29,Office Supplies,Storage,Product_119,143.24,711.9028,199.10983469565002
729,O0471,P268,3,0.36,Furniture,Storage,Product_268,477.75,917.28,146.85061682414133
730,O0940,P273,3,0.06,Technology,Tables,Product_273,132.52,373.70640000000003,69.9559563994217
731,O0218,P064,7,0.3,Furniture,Tables,Product_64,255.08,1249.892,311.3123762061859
732,O0516,P298,5,0.28,Office Supplies,Tables,Product_298,64.68,232.848,45.58393604558182
733,O0602,P011,6,0.26,Office Supplies,Chairs,Product_11,86.53,384.19320000000005,111.43697348164727
734,O0104,P098,8,0.35,Furniture,Chairs,Product_98,123.74,643.448,138.39534236816357
735,O0393,P071,9,0.42,Office Supplies,Chairs,Product_71,441.55,2304.8910000000005,416.4416290738319
736,O0631,P058,1,0.16,Office Supplies,Tables,Product_58,80.29,67.4436,3.7699618095552214
737,O0645,P290,3,0.44,Technology,Tables,Product_290,184.15,309.37200000000007,47.46794349755546
738,O0824,P251,7,0.08,Furniture,Tables,Product_251,61.35,395.094,49.31251373979346
739,O0608,P276,6,0.09,Furniture,Tables,Product_276,344.86,1882.9356,446.3054786567826
740,O0980,P050,7,0.13,Office Supplies,Binders,Product_50,453.54,2762.0586000000003,281.9217159614644
741,O0434,P216,8,0.06,Furniture,Storage,Product_216,327.85,2465.4320000000002,249.76064256439955
742,O0331,P052,6,0.12,Furniture,Phones,Product_52,491.84,2596.9152,252.88698101815024
743,O0143,P271,3,0.05,Furniture,Chairs,Product_271,320.02,912.0569999999999,74.24499982210926
744,O0800,P084,2,0.41,Office Supplies,Chairs,Product_84,272.69,321.77420000000006,41.10721745014922
745,O0540,P293,7,0.07,Furniture,Binders,Product_293,319.87,2082.3537,565.3184832307724
746,O0278,P126,1,0.37,Furniture,Tables,Product_126,155.45,97.9335,23.86953938564381
747,O0233,P296,3,0.02,Office Supplies,Chairs,Product_296,437.48,1286.1912,300.72797105077353
748,O0529,P072,4,0.47,Technology,Phones,Product_72,216.61,459.21320000000003,114.49755650007438
749,O0571,P296,1,0.36,Office Supplies,Chairs,Product_296,437.48,279.98720000000003,32.85775011582417
750,O0090,P236,5,0.0,Furniture,Phones,Product_236,260.7,1303.5,354.37006097396693
751,O0492,P056,3,0.38,Office Supplies,Binders,Product_56,447.52,832.3872,70.19175299616742
752,O0199,P110,2,0.26,Furniture,Storage,Product_110,67.5,99.9,13.395234524721662
753,O0362,P192,3,0.39,Furniture,Binders,Product_192,61.89,113.2587,22.276517295421648
754,O0441,P093,8,0.26,Technology,Phones,Product_93,170.93,1011.9056,76.62783879044129
755,O0026,P056,6,0.32,Office Supplies,Binders,Product_56,447.52,1825.8815999999997,424.57689886637974
756,O0025,P060,7,0.39,Furniture,Binders,Product_60,309.57,1321.8638999999998,194.0648378844583
757,O0394,P138,6,0.2,Furniture,Storage,Product_138,226.29,1086.192,267.31338968462984
758,O0507,P039,6,0.0,Furniture,Phones,Product_39,290.91,1745.46,302.35568765912524
759,O0301,P028,3,0.42,Office Supplies,Chairs,Product_28,251.42,437.47080000000005,41.65537072499286
760,O0339,P049,8,0.19,Furniture,Binders,Product_49,429.3,2781.864,650.095057896056
761,O0267,P125,7,0.25,Furniture,Binders,Product_125,21.43,112.5075,12.717396527887486
762,O0461,P013,7,0.0,Furniture,Tables,Product_13,379.59,2657.1299999999997,458.8931939520886
763,O0693,P036,6,0.25,Technology,Storage,Product_36,264.05,1188.2250000000001,81.84887968599165
764,O0456,P101,5,0.49,Technology,Tables,Product_101,227.92,581.1959999999999,118.83520701941451
765,O0360,P282,8,0.14,Office Supplies,Tables,Product_282,212.38,1461.1743999999999,316.29230050910223
766,O0068,P086,5,0.2,Furniture,Phones,Product_86,160.6,642.4000000000001,92.93507812162905
767,O0863,P004,9,0.34,Furniture,Tables,Product_4,258.69,1536.6185999999998,443.47687912626895
768,O0412,P223,9,0.41,Technology,Storage,Product_223,130.92,695.1852000000001,186.68658412857405
769,O0971,P166,1,0.21,Furniture,Storage,Product_166,124.74,98.5446,22.36816859130787
770,O0491,P278,6,0.15,Technology,Chairs,Product_278,195.0,994.5,227.15674702100677
771,O0833,P130,7,0.47,Office Supplies,Binders,Product_130,384.2,1425.382,161.21131531191836
772,O0049,P031,3,0.34,Technology,Storage,Product_31,411.94,815.6411999999999,174.71345081581492
773,O0687,P011,7,0.06,Office Supplies,Chairs,Product_11,86.53,569.3674,56.681416475214554
774,O0564,P096,7,0.03,Furniture,Chairs,Product_96,413.86,2810.1094,241.67167329184923
775,O0102,P190,2,0.24,Office Supplies,Binders,Product_190,416.53,633.1256,189.85345754943629
776,O0216,P192,7,0.11,Furniture,Binders,Product_192,61.89,385.5747,79.27183826624743
777,O0438,P266,1,0.13,Technology,Chairs,Product_266,158.14,137.5818,21.70311182458676
778,O0700,P128,5,0.44,Office Supplies,Storage,Product_128,469.46,1314.488,160.42160183916985
779,O0569,P238,9,0.04,Office Supplies,Tables,Product_238,8.79,75.94559999999998,15.263555111548511
780,O0559,P112,7,0.36,Office Supplies,Phones,Product_112,165.93,743.3664,46.38485691723396
781,O0159,P145,7,0.14,Technology,Phones,Product_145,214.16,1289.2432,94.97886579439289
782,O0489,P065,2,0.38,Furniture,Phones,Product_65,483.73,599.8252,34.9183288233682
783,O0686,P247,8,0.36,Furniture,Tables,Product_247,466.22,2387.0464,417.23770836955924
784,O0242,P223,3,0.0,Technology,Storage,Product_223,130.92,392.76,78.61156491988945
785,O0794,P106,8,0.25,Office Supplies,Chairs,Product_106,421.52,2529.12,165.96070351132298
786,O0753,P181,3,0.07,Technology,Tables,Product_181,44.09,123.0111,28.33020877348899
787,O0882,P184,7,0.43,Office Supplies,Binders,Product_184,22.16,88.4184,9.513710897800841
788,O0005,P226,2,0.44,Technology,Phones,Product_226,27.6,30.912000000000006,6.840836834733526
789,O0596,P265,4,0.21,Furniture,Phones,Product_265,305.91,966.6756000000001,285.62778174546384
790,O0820,P278,6,0.22,Technology,Chairs,Product_278,195.0,912.6,203.30580425278617
791,O0361,P089,9,0.15,Office Supplies,Phones,Product_89,232.34,1777.4009999999998,481.3171038648686
792,O0459,P176,5,0.36,Technology,Tables,Product_176,426.87,1365.984,392.1051972587305
793,O0248,P018,9,0.18,Office Supplies,Phones,Product_18,435.94,3217.2372000000005,552.3602549745171
794,O0566,P106,5,0.13,Office Supplies,Chairs,Product_106,421.52,1833.6119999999999,413.62847754093184
795,O0673,P271,8,0.22,Furniture,Chairs,Product_271,320.02,1996.9248,525.1758728157872
796,O0946,P167,1,0.05,Furniture,Binders,Product_167,11.14,10.583,1.472648031237407
797,O0422,P013,7,0.37,Furniture,Tables,Product_13,379.59,1673.9918999999998,193.0938426509592
798,O0923,P032,4,0.01,Furniture,Tables,Product_32,193.31,765.5076,219.43248040274287
799,O0738,P040,5,0.32,Furniture,Chairs,Product_40,319.12,1085.0079999999998,251.26167708204258
800,O0015,P148,6,0.09,Technology,Binders,Product_148,459.45,2508.5969999999998,263.2033351850494
801,O0736,P218,5,0.12,Furniture,Chairs,Product_218,302.32,1330.2079999999999,215.85398040122686
802,O0573,P219,1,0.32,Office Supplies,Storage,Product_219,373.08,253.69439999999997,63.19855845045821
803,O0122,P082,9,0.5,Furniture,Binders,Product_82,429.8,1934.1000000000001,361.22363268383975
804,O0277,P208,2,0.39,Office Supplies,Storage,Product_208,317.5,387.34999999999997,82.30723630613927
805,O0558,P201,9,0.11,Furniture,Storage,Product_201,161.89,1296.7388999999998,309.1970822937197
806,O0453,P038,2,0.09,Office Supplies,Storage,Product_38,397.46,723.3772,148.65567634372795
807,O0390,P211,9,0.43,Furniture,Chairs,Product_211,122.53,628.5789000000001,116.29956152164993
808,O0294,P249,6,0.22,Office Supplies,Storage,Product_249,48.11,225.1548,53.45255356961807
809,O0574,P227,9,0.07,Furniture,Storage,Product_227,74.31,621.9746999999999,144.23018517350806
810,O0598,P048,6,0.43,Furniture,Binders,Product_48,161.8,553.3560000000001,114.80371796894082
811,O0446,P018,6,0.41,Office Supplies,Phones,Product_18,435.94,1543.2276000000002,215.97061822970082
812,O0210,P295,2,0.49,Office Supplies,Tables,Product_295,308.22,314.3844,47.614467779781776
813,O0590,P196,8,0.45,Office Supplies,Tables,Product_196,415.5,1828.2,534.9489387674768
814,O0714,P187,3,0.43,Technology,Binders,Product_187,428.57,732.8547000000001,57.233374673431626
815,O0302,P224,7,0.03,Furniture,Tables,Product_224,184.12,1250.1748,146.428260306395
816,O0909,P229,5,0.05,Furniture,Tables,Product_229,485.91,2308.0725,399.5283648427873
817,O0223,P077,3,0.28,Technology,Binders,Product_77,361.08,779.9327999999999,202.144871739311
818,O0734,P188,1,0.27,Technology,Chairs,Product_188,263.12,192.0776,17.463487166903295
819,O0003,P270,8,0.23,Furniture,Binders,Product_270,5.77,35.5432,4.238123345731658
820,O0990,P095,3,0.2,Office Supplies,Tables,Product_95,357.45,857.88,57.0057437705449
821,O0518,P132,2,0.22,Technology,Chairs,Product_132,334.17,521.3052,118.0737075789188
822,O0093,P039,1,0.28,Furniture,Phones,Product_39,290.91,209.45520000000002,22.94631123735807
823,O0520,P072,4,0.0,Technology,Phones,Product_72,216.61,866.44,127.51283774283458
824,O0428,P281,8,0.13,Furniture,Binders,Product_281,64.91,451.7736,72.70183001245059
825,O0493,P160,3,0.26,Technology,Chairs,Product_160,144.35,320.45699999999994,87.42979746565948
826,O0235,P187,1,0.36,Technology,Binders,Product_187,428.57,274.2848,41.919651604361306
827,O0620,P191,4,0.09,Technology,Phones,Product_191,301.49,1097.4236,94.71452104136608
828,O0161,P120,9,0.27,Furniture,Tables,Product_120,323.23,2123.6211,384.54262152607
829,O0721,P220,1,0.36,Furniture,Chairs,Product_220,255.6,163.584,47.56033014915036
830,O0752,P053,2,0.22,Office Supplies,Phones,Product_53,74.65,116.45400000000001,23.51455591073279
831,O0331,P222,9,0.01,Furniture,Binders,Product_222,40.11,357.3801,105.72976079673039
832,O0333,P131,2,0.22,Furniture,Storage,Product_131,395.28,616.6368,160.49626986016906
833,O0050,P237,3,0.15,Furniture,Storage,Product_237,7.73,19.7115,1.1628097509001718
834,O0523,P246,7,0.46,Furniture,Phones,Product_246,150.28,568.0584,121.90527517763245
835,O0863,P226,3,0.06,Technology,Phones,Product_226,27.6,77.83200000000001,9.471509903521302
836,O0668,P208,9,0.33,Office Supplies,Storage,Product_208,317.5,1914.5249999999999,363.5763651383037
837,O0492,P096,6,0.03,Furniture,Chairs,Product_96,413.86,2408.6652,288.6455200458503
838,O0582,P200,3,0.22,Technology,Binders,Product_200,218.06,510.26040000000006,70.01670958129554
839,O0681,P247,9,0.28,Furniture,Tables,Product_247,466.22,3021.1056000000003,848.3028212063343
840,O0272,P072,1,0.15,Technology,Phones,Product_72,216.61,184.1185,18.71763330937086
841,O0580,P185,3,0.23,Furniture,Phones,Product_185,293.49,677.9619,182.05126461602907
842,O0867,P006,1,0.08,Technology,Chairs,Product_6,232.32,213.7344,12.314190333315699
843,O0252,P206,2,0.15,Office Supplies,Storage,Product_206,224.47,381.599,27.749549041329864
844,O0560,P032,8,0.31,Furniture,Tables,Product_32,193.31,1067.0711999999999,281.3533405049889
845,O0696,P099,7,0.15,Technology,Storage,Product_99,75.28,447.916,93.00483378518078
846,O0832,P256,2,0.45,Technology,Tables,Product_256,352.62,387.88200000000006,91.85396192376422
847,O0699,P187,2,0.31,Technology,Binders,Product_187,428.57,591.4265999999999,60.53512525852211
848,O0090,P076,9,0.22,Technology,Chairs,Product_76,266.06,1867.7412,344.1702844610017
849,O0446,P177,6,0.02,Furniture,Binders,Product_177,335.56,1973.0928000000001,462.305125512533
850,O0332,P287,5,0.25,Technology,Chairs,Product_287,471.15,1766.8125,365.42723967411115
851,O0139,P255,6,0.38,Furniture,Binders,Product_255,249.31,927.4332,155.73893420349214
852,O0357,P190,9,0.13,Office Supplies,Binders,Product_190,416.53,3261.4298999999996,945.6383796557942
853,O0601,P127,7,0.4,Furniture,Storage,Product_127,328.32,1378.9439999999997,302.0429745054069
854,O0274,P287,9,0.13,Technology,Chairs,Product_287,471.15,3689.1044999999995,1021.6521155121378
855,O0019,P254,4,0.41,Office Supplies,Chairs,Product_254,437.74,1033.0664000000002,240.12866880439532
856,O0983,P213,2,0.04,Furniture,Storage,Product_213,56.59,108.6528,25.410182920004587
857,O0311,P250,8,0.43,Furniture,Binders,Product_250,310.45,1415.652,99.10210590474958
858,O0870,P084,4,0.25,Office Supplies,Chairs,Product_84,272.69,818.0699999999999,114.4203058000139
859,O0886,P013,9,0.15,Furniture,Tables,Product_13,379.59,2903.8635,768.3400724224678
860,O0978,P045,4,0.13,Office Supplies,Storage,Product_45,83.19,289.5012,31.309834304174856
861,O0154,P127,8,0.22,Furniture,Storage,Product_127,328.32,2048.7168,161.59554212332594
862,O0390,P114,9,0.5,Technology,Binders,Product_114,39.47,177.615,23.361081812474822
863,O0260,P276,9,0.11,Furniture,Tables,Product_276,344.86,2762.3286000000003,290.3468984905939
864,O0620,P205,4,0.05,Furniture,Binders,Product_205,446.8,1697.84,477.63982716190264
865,O0883,P273,1,0.29,Technology,Tables,Product_273,132.52,94.0892,25.121031743166732
866,O0797,P058,3,0.24,Office Supplies,Tables,Product_58,80.29,183.0612,32.02121293886619
867,O0571,P219,9,0.26,Office Supplies,Storage,Product_219,373.08,2484.7128,162.34111753291506
868,O0125,P109,4,0.33,Office Supplies,Chairs,Product_109,318.9,854.6519999999998,195.408134553302
869,O0354,P279,5,0.13,Furniture,Chairs,Product_279,230.84,1004.154,206.70804591705885
870,O0273,P174,7,0.46,Furniture,Phones,Product_174,28.83,108.9774,31.8910011434619
871,O0619,P264,5,0.22,Technology,Phones,Product_264,358.45,1397.9550000000002,265.2456192505437
872,O0811,P111,4,0.06,Furniture,Phones,Product_111,339.71,1277.3095999999998,171.28521307057022
873,O0245,P187,2,0.37,Technology,Binders,Product_187,428.57,539.9982,97.06760507334293
874,O0848,P269,2,0.32,Technology,Chairs,Product_269,411.49,559.6264,164.9867176052151
875,O0450,P229,4,0.16,Furniture,Tables,Product_229,485.91,1632.6576,365.8632344573849
876,O0930,P156,9,0.31,Technology,Chairs,Product_156,481.59,2990.6738999999993,651.9490692803079
877,O0247,P189,8,0.11,Office Supplies,Phones,Product_189,36.5,259.88,28.631082884490773
878,O0520,P272,3,0.22,Furniture,Chairs,Product_272,30.31,70.9254,16.731346499748458
879,O0141,P002,9,0.45,Technology,Chairs,Product_2,274.99,1361.2005,323.3776223532226
880,O0362,P246,5,0.07,Furniture,Phones,Product_246,150.28,698.8019999999999,90.37064411014255
881,O0008,P210,3,0.19,Furniture,Phones,Product_210,352.8,857.3040000000001,146.53765084097202
882,O0478,P286,5,0.41,Technology,Chairs,Product_286,180.61,532.7995000000001,65.88110212225214
883,O0352,P013,4,0.48,Furniture,Tables,Product_13,379.59,789.5472,90.54232597508592
884,O0996,P096,8,0.23,Furniture,Chairs,Product_96,413.86,2549.3776000000003,143.97359535551598
885,O0495,P221,5,0.25,Furniture,Storage,Product_221,318.88,1195.8000000000002,145.05405106411365
886,O0606,P238,8,0.29,Office Supplies,Tables,Product_238,8.79,49.92719999999999,9.410902120390649
887,O0833,P094,9,0.47,Technology,Phones,Product_94,91.01,434.1177,21.879660964013258
888,O0427,P269,4,0.43,Technology,Chairs,Product_269,411.49,938.1972000000002,113.33869785419886
889,O0039,P171,7,0.09,Technology,Storage,Product_171,152.13,969.0680999999998,261.99006401621506
890,O0593,P094,2,0.22,Technology,Phones,Product_94,91.01,141.97560000000001,28.16968351494216
891,O0187,P149,6,0.23,Furniture,Storage,Product_149,143.62,663.5244,134.00917390765952
892,O0596,P112,8,0.39,Office Supplies,Phones,Product_112,165.93,809.7384000000001,122.14181174228783
893,O0600,P055,7,0.3,Technology,Storage,Product_55,96.19,471.3309999999999,103.27712296610537
894,O0754,P116,7,0.33,Furniture,Storage,Product_116,428.59,2010.0870999999995,195.9497058167401
895,O0854,P143,8,0.5,Office Supplies,Storage,Product_143,488.52,1954.08,497.6781918088853
896,O0093,P201,7,0.04,Furniture,Storage,Product_201,161.89,1087.9008,86.13158673239033
897,O0086,P180,5,0.11,Office Supplies,Binders,Product_180,96.74,430.493,92.12564779217024
898,O0044,P202,7,0.2,Office Supplies,Chairs,Product_202,220.13,1232.728,166.7724815297616
899,O0137,P053,3,0.17,Office Supplies,Phones,Product_53,74.65,185.8785,44.03057242560373
900,O0421,P180,5,0.01,Office Supplies,Binders,Product_180,96.74,478.863,89.75862557822504
901,O0074,P137,7,0.05,Office Supplies,Tables,Product_137,59.94,398.60099999999994,65.00714337266368
902,O0548,P182,9,0.34,Furniture,Tables,Product_182,123.56,733.9463999999999,67.78406052392278
903,O0613,P001,2,0.44,Office Supplies,Chairs,Product_1,327.23,366.49760000000003,76.67326457217526
904,O0988,P044,4,0.26,Office Supplies,Chairs,Product_44,268.85,795.796,233.71928557864777
905,O0512,P227,7,0.27,Furniture,Storage,Product_227,74.31,379.7241,97.36158436993347
906,O0156,P098,1,0.13,Furniture,Chairs,Product_98,123.74,107.65379999999999,6.997717490834739
907,O0938,P208,2,0.38,Office Supplies,Storage,Product_208,317.5,393.7,56.71537656520024
908,O0255,P265,9,0.38,Furniture,Phones,Product_265,305.91,1706.9778000000001,480.33630218624756
909,O0171,P288,7,0.29,Technology,Chairs,Product_288,335.94,1669.6218,293.4542918187249
910,O0981,P271,7,0.11,Furniture,Chairs,Product_271,320.02,1993.7246,429.70338876617046
911,O0728,P140,6,0.05,Office Supplies,Tables,Product_140,432.96,2467.872,686.438193050829
912,O0170,P237,3,0.03,Furniture,Storage,Product_237,7.73,22.4943,6.03856497617798
913,O0764,P072,3,0.3,Technology,Phones,Product_72,216.61,454.881,79.8111885615608
914,O0872,P155,2,0.41,Office Supplies,Storage,Product_155,13.91,16.413800000000002,2.616549720640337
915,O0322,P190,6,0.43,Office Supplies,Binders,Product_190,416.53,1424.5326,192.2024322508836
916,O0567,P268,4,0.23,Furniture,Storage,Product_268,477.75,1471.47,338.07738500772484
917,O0456,P107,5,0.39,Office Supplies,Tables,Product_107,238.29,726.7845,88.48361439013146
918,O0944,P232,3,0.47,Office Supplies,Storage,Product_232,102.07,162.2913,18.253211125389786
919,O0603,P042,6,0.14,Office Supplies,Phones,Product_42,201.01,1037.2115999999999,144.23721079545453
920,O0790,P190,3,0.2,Office Supplies,Binders,Product_190,416.53,999.672,94.27283258503395
921,O0613,P139,8,0.47,Technology,Storage,Product_139,232.88,987.4112,220.96283290169734
922,O0155,P103,9,0.17,Technology,Tables,Product_103,327.32,2445.0804,498.94350334038825
923,O0889,P171,4,0.46,Technology,Storage,Product_171,152.13,328.6008,56.098608153323376
924,O0349,P273,9,0.49,Technology,Tables,Product_273,132.52,608.2668,89.76889317723304
925,O0451,P221,7,0.33,Furniture,Storage,Product_221,318.88,1495.5471999999997,414.6638451635216
926,O0876,P213,3,0.41,Furniture,Storage,Product_213,56.59,100.16430000000003,5.737505884196062
927,O0653,P056,7,0.37,Office Supplies,Binders,Product_56,447.52,1973.5631999999998,478.14884485526113
928,O0173,P102,1,0.35,Office Supplies,Tables,Product_102,375.67,244.18550000000002,67.26758493307207
929,O0010,P192,3,0.15,Furniture,Binders,Product_192,61.89,157.8195,25.501839137085298
930,O0740,P200,6,0.03,Technology,Binders,Product_200,218.06,1269.1092,238.17705226947984
931,O0265,P233,4,0.17,Office Supplies,Chairs,Product_233,307.34,1020.3687999999999,291.94375996194236
932,O0438,P227,7,0.33,Furniture,Storage,Product_227,74.31,348.51390000000004,35.92111118361606
933,O0760,P139,3,0.05,Technology,Storage,Product_139,232.88,663.708,119.48981488836941
934,O0247,P149,1,0.01,Furniture,Storage,Product_149,143.62,142.1838,23.983603448843102
935,O0667,P115,9,0.07,Office Supplies,Tables,Product_115,91.57,766.4408999999998,87.83271839678737
936,O0546,P063,6,0.36,Furniture,Phones,Product_63,402.78,1546.6752,393.8582220764932
937,O0499,P104,8,0.49,Office Supplies,Storage,Product_104,312.36,1274.4288000000001,350.3406666158493
938,O0129,P156,3,0.49,Technology,Chairs,Product_156,481.59,736.8327,180.88000849582784
939,O0672,P273,8,0.25,Technology,Tables,Product_273,132.52,795.1200000000001,78.5894542374864
940,O0601,P006,2,0.43,Technology,Chairs,Product_6,232.32,264.8448,18.985971254909078
941,O0605,P147,4,0.37,Technology,Phones,Product_147,371.25,935.55,188.38339705685325
942,O0327,P184,3,0.25,Office Supplies,Binders,Product_184,22.16,49.86,3.2046861897557033
943,O0753,P028,1,0.29,Office Supplies,Chairs,Product_28,251.42,178.5082,38.95164456997605
944,O0835,P038,7,0.07,Office Supplies,Storage,Product_38,397.46,2587.4646,472.4867032698351
945,O0980,P119,2,0.47,Office Supplies,Storage,Product_119,143.24,151.83440000000002,32.750138514923634
946,O0404,P293,4,0.18,Furniture,Binders,Product_293,319.87,1049.1736,207.2565788012218
947,O0629,P244,9,0.22,Furniture,Tables,Product_244,288.16,2022.8832000000002,314.9136416233375
948,O0606,P068,6,0.34,Office Supplies,Phones,Product_68,335.62,1329.0551999999998,133.19697520667677
949,O0675,P214,8,0.17,Office Supplies,Chairs,Product_214,195.33,1296.9912,163.97280499185212
950,O0611,P218,2,0.13,Furniture,Chairs,Product_218,302.32,526.0368,95.27849091507822
951,O0625,P177,7,0.32,Furniture,Binders,Product_177,335.56,1597.2656,340.16490043022486
952,O0359,P299,6,0.01,Technology,Tables,Product_299,451.71,2683.1573999999996,657.0267762320118
953,O0603,P164,9,0.36,Furniture,Phones,Product_164,272.65,1570.464,379.7266987945964
954,O0858,P058,7,0.26,Office Supplies,Tables,Product_58,80.29,415.90220000000005,121.93095705938015
955,O0718,P269,1,0.3,Technology,Chairs,Product_269,411.49,288.043,34.985807099338615
956,O0017,P058,8,0.32,Office Supplies,Tables,Product_58,80.29,436.7776,29.603771116941303
957,O0274,P288,3,0.26,Technology,Chairs,Product_288,335.94,745.7868,101.73593496389236
958,O0685,P105,2,0.29,Office Supplies,Chairs,Product_105,179.43,254.79059999999998,60.085641329756896
959,O0116,P228,3,0.34,Technology,Tables,Product_228,142.02,281.19960000000003,44.85918525647555
960,O0861,P247,6,0.38,Furniture,Tables,Product_247,466.22,1734.3384,441.29738956174117
961,O0980,P188,3,0.36,Technology,Chairs,Product_188,263.12,505.1904,94.63812153971725
962,O0693,P083,5,0.43,Office Supplies,Phones,Product_83,410.44,1169.7540000000001,330.3945966784804
963,O0091,P186,6,0.09,Technology,Chairs,Product_186,497.74,2717.6604,779.8757552321416
964,O0082,P252,8,0.2,Office Supplies,Tables,Product_252,175.89,1125.696,75.78875130182034
965,O0324,P238,7,0.47,Office Supplies,Tables,Product_238,8.79,32.6109,5.351558260279475
966,O0961,P184,8,0.2,Office Supplies,Binders,Product_184,22.16,141.824,28.708335355664683
967,O0114,P284,3,0.06,Office Supplies,Tables,Product_284,40.15,113.22299999999998,12.90381417209529
968,O0769,P210,4,0.26,Furniture,Phones,Product_210,352.8,1044.288,158.49074894602913
969,O0058,P296,6,0.05,Office Supplies,Chairs,Product_296,437.48,2493.636,547.1545718666432
970,O0154,P097,7,0.1,Technology,Binders,Product_97,54.82,345.36600000000004,36.84487325174488
971,O0877,P208,9,0.5,Office Supplies,Storage,Product_208,317.5,1428.75,286.4577145155622
972,O0404,P137,1,0.27,Office Supplies,Tables,Product_137,59.94,43.7562,9.817226664680753
973,O0628,P184,8,0.14,Office Supplies,Binders,Product_184,22.16,152.4608,11.072324996681182
974,O0855,P076,8,0.5,Technology,Chairs,Product_76,266.06,1064.24,185.58464982226408
975,O0266,P287,6,0.48,Technology,Chairs,Product_287,471.15,1469.9879999999998,170.18052175705031
976,O0315,P142,4,0.22,Technology,Phones,Product_142,193.3,603.096,139.37342843924915
977,O0715,P237,3,0.13,Furniture,Storage,Product_237,7.73,20.1753,1.9648498128463339
978,O0041,P025,3,0.42,Furniture,Tables,Product_25,234.65,408.29100000000005,111.48772769324226
979,O0105,P290,6,0.36,Technology,Tables,Product_290,184.15,707.1360000000001,111.54033323505593
980,O0901,P067,8,0.34,Technology,Binders,Product_67,492.13,2598.4464,258.54738532293834
981,O0890,P250,7,0.45,Furniture,Binders,Product_250,310.45,1195.2325,190.6460966765738
982,O0193,P118,1,0.34,Office Supplies,Storage,Product_118,419.34,276.76439999999997,42.11965056686113
983,O0401,P073,6,0.14,Office Supplies,Phones,Product_73,85.31,440.19960000000003,69.21246860038688
984,O0278,P282,7,0.35,Office Supplies,Tables,Product_282,212.38,966.329,189.7776647960236
985,O0354,P010,7,0.15,Technology,Chairs,Product_10,133.02,791.469,142.69666172089816
986,O0749,P211,9,0.38,Furniture,Chairs,Product_211,122.53,683.7174,59.787177763081104
987,O0937,P152,5,0.31,Office Supplies,Storage,Product_152,455.83,1572.6135,104.41330874039525
988,O0733,P005,1,0.04,Office Supplies,Phones,Product_5,404.17,388.0032,90.15404205883341
989,O0580,P195,2,0.26,Furniture,Phones,Product_195,336.25,497.65,94.51834549743128
990,O0709,P283,4,0.17,Technology,Storage,Product_283,376.83,1251.0756,174.8380553313064
991,O0256,P113,5,0.16,Furniture,Phones,Product_113,344.73,1447.866,364.991751757249
992,O0651,P271,9,0.3,Furniture,Chairs,Product_271,320.02,2016.1259999999997,296.39999486946147
993,O0824,P163,1,0.16,Technology,Phones,Product_163,353.32,296.7888,73.8978209461142
994,O0947,P105,3,0.39,Office Supplies,Chairs,Product_105,179.43,328.3569,41.51712854649202
995,O0661,P181,5,0.04,Technology,Tables,Product_181,44.09,211.632,14.43569900252143
996,O0099,P044,3,0.33,Office Supplies,Chairs,Product_44,268.85,540.3885,153.01636629325074
997,O0588,P282,4,0.4,Office Supplies,Tables,Product_282,212.38,509.712,75.76246130206682
998,O0282,P175,3,0.34,Furniture,Chairs,Product_175,451.93,894.8213999999998,222.07063945167053
999,O0883,P162,4,0.25,Technology,Storage,Product_162,60.73,182.19,21.82381740794291
1000,O0403,P140,1,0.48,Office Supplies,Tables,Product_140,432.96,225.1392,47.63749106285755
